x,y,height,base,width,depth
0,0,0.9677,0,0.8,0.8
0,1,1.4901,0,0.8,0.8
0,2,2.1325,0,0.8,0.8
0,3,2.5961,0,0.8,0.8
0,4,2.5961,0,0.8,0.8
0,5,2.1325,0,0.8,0.8
0,6,1.4901,0,0.8,0.8
0,7,0.9677,0,0.8,0.8
1,0,1.4901,0,0.8,0.8
1,1,2.5961,0,0.8,0.8
1,2,3.9559,0,0.8,0.8
1,3,4.9375,0,0.8,0.8
1,4,4.9375,0,0.8,0.8
1,5,3.9559,0,0.8,0.8
1,6,2.5961,0,0.8,0.8
1,7,1.4901,0,0.8,0.8
2,0,2.1325,0,0.8,0.8
2,1,3.9559,0,0.8,0.8
2,2,6.1978,0,0.8,0.8
2,3,7.8162,0,0.8,0.8
2,4,7.8162,0,0.8,0.8
2,5,6.1978,0,0.8,0.8
2,6,3.9559,0,0.8,0.8
2,7,2.1325,0,0.8,0.8
3,0,2.5961,0,0.8,0.8
3,1,4.9375,0,0.8,0.8
3,2,7.8162,0,0.8,0.8
3,3,9.8941,0,0.8,0.8
3,4,9.8941,0,0.8,0.8
3,5,7.8162,0,0.8,0.8
3,6,4.9375,0,0.8,0.8
3,7,2.5961,0,0.8,0.8
4,0,2.5961,0,0.8,0.8
4,1,4.9375,0,0.8,0.8
4,2,7.8162,0,0.8,0.8
4,3,9.8941,0,0.8,0.8
4,4,9.8941,0,0.8,0.8
4,5,7.8162,0,0.8,0.8
4,6,4.9375,0,0.8,0.8
4,7,2.5961,0,0.8,0.8
5,0,2.1325,0,0.8,0.8
5,1,3.9559,0,0.8,0.8
5,2,6.1978,0,0.8,0.8
5,3,7.8162,0,0.8,0.8
5,4,7.8162,0,0.8,0.8
5,5,6.1978,0,0.8,0.8
5,6,3.9559,0,0.8,0.8
5,7,2.1325,0,0.8,0.8
6,0,1.4901,0,0.8,0.8
6,1,2.5961,0,0.8,0.8
6,2,3.9559,0,0.8,0.8
6,3,4.9375,0,0.8,0.8
6,4,4.9375,0,0.8,0.8
6,5,3.9559,0,0.8,0.8
6,6,2.5961,0,0.8,0.8
6,7,1.4901,0,0.8,0.8
7,0,0.9677,0,0.8,0.8
7,1,1.4901,0,0.8,0.8
7,2,2.1325,0,0.8,0.8
7,3,2.5961,0,0.8,0.8
7,4,2.5961,0,0.8,0.8
7,5,2.1325,0,0.8,0.8
7,6,1.4901,0,0.8,0.8
7,7,0.9677,0,0.8,0.8
