x,y,z,value
0.000000,-1.000000,1.000000,1.000000
0.200000,-0.940000,1.258925,1.258925
0.400000,-0.880000,1.584893,1.584893
0.600000,-0.820000,1.995262,1.995262
0.800000,-0.760000,2.511886,2.511886
1.000000,-0.700000,3.162278,3.162278
1.200000,-0.640000,3.981072,3.981072
1.400000,-0.580000,5.011872,5.011872
1.600000,-0.520000,6.309573,6.309573
1.800000,-0.460000,7.943282,7.943282
2.000000,-0.400000,10.000000,10.000000
2.200000,-0.340000,12.589254,12.589254
2.400000,-0.280000,15.848932,15.848932
2.600000,-0.220000,19.952623,19.952623
2.800000,-0.160000,25.118864,25.118864
3.000000,-0.100000,31.622777,31.622777
3.200000,-0.040000,39.810717,39.810717
3.400000,0.020000,50.118723,50.118723
3.600000,0.080000,63.095734,63.095734
3.800000,0.140000,79.432823,79.432823
4.000000,0.200000,100.000000,100.000000
