t,x,y,u,v,w
0,0,0,-0.000000,0.000000,0
0,0,0.25,-0.000000,0.222144,0
0,0,0.5,-0.000000,0.314159,0
0,0,0.75,0.000000,0.222144,0
0,0,1,0.000000,0.000000,0
0,0.25,0,-0.222144,0.000000,0
0,0.25,0.25,-0.157080,0.157080,0
0,0.25,0.5,-0.000000,0.222144,0
0,0.25,0.75,0.157080,0.157080,0
0,0.25,1,0.222144,0.000000,0
0,0.5,0,-0.314159,0.000000,0
0,0.5,0.25,-0.222144,0.000000,0
0,0.5,0.5,-0.000000,0.000000,0
0,0.5,0.75,0.222144,0.000000,0
0,0.5,1,0.314159,0.000000,0
0,0.75,0,-0.222144,-0.000000,0
0,0.75,0.25,-0.157080,-0.157080,0
0,0.75,0.5,-0.000000,-0.222144,0
0,0.75,0.75,0.157080,-0.157080,0
0,0.75,1,0.222144,-0.000000,0
0,1,0,-0.000000,-0.000000,0
0,1,0.25,-0.000000,-0.222144,0
0,1,0.5,-0.000000,-0.314159,0
0,1,0.75,0.000000,-0.222144,0
0,1,1,0.000000,-0.000000,0
0,1.25,0,0.222144,-0.000000,0
0,1.25,0.25,0.157080,-0.157080,0
0,1.25,0.5,0.000000,-0.222144,0
0,1.25,0.75,-0.157080,-0.157080,0
0,1.25,1,-0.222144,-0.000000,0
0,1.5,0,0.314159,-0.000000,0
0,1.5,0.25,0.222144,-0.000000,0
0,1.5,0.5,0.000000,-0.000000,0
0,1.5,0.75,-0.222144,-0.000000,0
0,1.5,1,-0.314159,-0.000000,0
0,1.75,0,0.222144,0.000000,0
0,1.75,0.25,0.157080,0.157080,0
0,1.75,0.5,0.000000,0.222144,0
0,1.75,0.75,-0.157080,0.157080,0
0,1.75,1,-0.222144,0.000000,0
0,2,0,0.000000,0.000000,0
0,2,0.25,0.000000,0.222144,0
0,2,0.5,0.000000,0.314159,0
0,2,0.75,-0.000000,0.222144,0
0,2,1,-0.000000,0.000000,0
1,0,0,-0.000000,0.000000,0
1,0,0.25,-0.000000,0.156858,0
1,0,0.5,-0.000000,0.221830,0
1,0,0.75,0.000000,0.156858,0
1,0,1,0.000000,0.000000,0
1,0.25,0,-0.173067,0.000000,0
1,0.25,0.25,-0.122377,0.144532,0
1,0.25,0.5,-0.000000,0.204399,0
1,0.25,0.75,0.122377,0.144532,0
1,0.25,1,0.173067,0.000000,0
1,0.5,0,-0.295516,0.000000,0
1,0.5,0.25,-0.208962,0.064309,0
1,0.5,0.5,-0.000000,0.090946,0
1,0.5,0.75,0.208962,0.064309,0
1,0.5,1,0.295516,0.000000,0
1,0.75,0,-0.294831,-0.000000,0
1,0.75,0.25,-0.208477,-0.071080,0
1,0.75,0.5,-0.000000,-0.100522,0
1,0.75,0.75,0.208477,-0.071080,0
1,0.75,1,0.294831,-0.000000,0
1,1,0,-0.139933,-0.000000,0
1,1,0.25,-0.098948,-0.198890,0
1,1,0.5,-0.000000,-0.281273,0
1,1,0.75,0.098948,-0.198890,0
1,1,1,0.139933,-0.000000,0
1,1.25,0,0.108493,-0.000000,0
1,1.25,0.25,0.076716,-0.223794,0
1,1.25,0.5,0.000000,-0.316493,0
1,1.25,0.75,-0.076716,-0.223794,0
1,1.25,1,-0.108493,-0.000000,0
1,1.5,0,0.295516,-0.000000,0
1,1.5,0.25,0.208962,-0.086464,0
1,1.5,0.5,0.000000,-0.122279,0
1,1.5,0.75,-0.208962,-0.086464,0
1,1.5,1,-0.295516,-0.000000,0
1,1.75,0,0.262191,0.000000,0
1,1.75,0.25,0.185397,0.149351,0
1,1.75,0.5,0.000000,0.211214,0
1,1.75,0.75,-0.185397,0.149351,0
1,1.75,1,-0.262191,0.000000,0
1,2,0,0.000000,0.000000,0
1,2,0.25,0.000000,0.287431,0
1,2,0.5,0.000000,0.406488,0
1,2,0.75,-0.000000,0.287431,0
1,2,1,-0.000000,0.000000,0
2,0,0,-0.000000,0.000000,0
2,0,0.25,-0.000000,0.116508,0
2,0,0.5,-0.000000,0.164768,0
2,0,0.75,0.000000,0.116508,0
2,0,1,0.000000,0.000000,0
2,0.25,0,-0.139077,0.000000,0
2,0.25,0.25,-0.098343,0.128150,0
2,0.25,0.5,-0.000000,0.181231,0
2,0.25,0.75,0.098343,0.128150,0
2,0.25,1,0.139077,0.000000,0
2,0.5,0,-0.266137,0.000000,0
2,0.5,0.25,-0.188187,0.089975,0
2,0.5,0.5,-0.000000,0.127244,0
2,0.5,0.75,0.188187,0.089975,0
2,0.5,1,0.266137,0.000000,0
2,0.75,0,-0.313022,-0.000000,0
2,0.75,0.25,-0.221340,-0.016642,0
2,0.75,0.5,-0.000000,-0.023535,0
2,0.75,0.75,0.221340,-0.016642,0
2,0.75,1,0.313022,-0.000000,0
2,1,0,-0.213443,-0.000000,0
2,1,0.25,-0.150927,-0.163000,0
2,1,0.5,-0.000000,-0.230517,0
2,1,0.75,0.150927,-0.163000,0
2,1,1,0.213443,-0.000000,0
2,1.25,0,0.026711,-0.000000,0
2,1.25,0.25,0.018887,-0.247653,0
2,1.25,0.5,0.000000,-0.350234,0
2,1.25,0.75,-0.018887,-0.247653,0
2,1.25,1,-0.026711,-0.000000,0
2,1.5,0,0.266137,-0.000000,0
2,1.5,0.25,0.188187,-0.146107,0
2,1.5,0.5,0.000000,-0.206626,0
2,1.5,0.75,-0.188187,-0.146107,0
2,1.5,1,-0.266137,-0.000000,0
2,1.75,0,0.281698,0.000000,0
2,1.75,0.25,0.199190,0.133416,0
2,1.75,0.5,0.000000,0.188679,0
2,1.75,0.75,-0.199190,0.133416,0
2,1.75,1,-0.281698,0.000000,0
2,2,0,0.000000,0.000000,0
2,2,0.25,0.000000,0.327780,0
2,2,0.5,0.000000,0.463551,0
2,2,0.75,-0.000000,0.327780,0
2,2,1,-0.000000,0.000000,0
3,0,0,-0.000000,0.000000,0
3,0,0.25,-0.000000,0.116508,0
3,0,0.5,-0.000000,0.164768,0
3,0,0.75,0.000000,0.116508,0
3,0,1,0.000000,0.000000,0
3,0.25,0,-0.139077,0.000000,0
3,0.25,0.25,-0.098343,0.128150,0
3,0.25,0.5,-0.000000,0.181231,0
3,0.25,0.75,0.098343,0.128150,0
3,0.25,1,0.139077,0.000000,0
3,0.5,0,-0.266137,0.000000,0
3,0.5,0.25,-0.188187,0.089975,0
3,0.5,0.5,-0.000000,0.127244,0
3,0.5,0.75,0.188187,0.089975,0
3,0.5,1,0.266137,0.000000,0
3,0.75,0,-0.313022,-0.000000,0
3,0.75,0.25,-0.221340,-0.016642,0
3,0.75,0.5,-0.000000,-0.023535,0
3,0.75,0.75,0.221340,-0.016642,0
3,0.75,1,0.313022,-0.000000,0
3,1,0,-0.213443,-0.000000,0
3,1,0.25,-0.150927,-0.163000,0
3,1,0.5,-0.000000,-0.230517,0
3,1,0.75,0.150927,-0.163000,0
3,1,1,0.213443,-0.000000,0
3,1.25,0,0.026711,-0.000000,0
3,1.25,0.25,0.018887,-0.247653,0
3,1.25,0.5,0.000000,-0.350234,0
3,1.25,0.75,-0.018887,-0.247653,0
3,1.25,1,-0.026711,-0.000000,0
3,1.5,0,0.266137,-0.000000,0
3,1.5,0.25,0.188187,-0.146107,0
3,1.5,0.5,0.000000,-0.206626,0
3,1.5,0.75,-0.188187,-0.146107,0
3,1.5,1,-0.266137,-0.000000,0
3,1.75,0,0.281698,0.000000,0
3,1.75,0.25,0.199190,0.133416,0
3,1.75,0.5,0.000000,0.188679,0
3,1.75,0.75,-0.199190,0.133416,0
3,1.75,1,-0.281698,0.000000,0
3,2,0,0.000000,0.000000,0
3,2,0.25,0.000000,0.327780,0
3,2,0.5,0.000000,0.463551,0
3,2,0.75,-0.000000,0.327780,0
3,2,1,-0.000000,0.000000,0
4,0,0,-0.000000,0.000000,0
4,0,0.25,-0.000000,0.156858,0
4,0,0.5,-0.000000,0.221830,0
4,0,0.75,0.000000,0.156858,0
4,0,1,0.000000,0.000000,0
4,0.25,0,-0.173067,0.000000,0
4,0.25,0.25,-0.122377,0.144532,0
4,0.25,0.5,-0.000000,0.204399,0
4,0.25,0.75,0.122377,0.144532,0
4,0.25,1,0.173067,0.000000,0
4,0.5,0,-0.295516,0.000000,0
4,0.5,0.25,-0.208962,0.064309,0
4,0.5,0.5,-0.000000,0.090946,0
4,0.5,0.75,0.208962,0.064309,0
4,0.5,1,0.295516,0.000000,0
4,0.75,0,-0.294831,-0.000000,0
4,0.75,0.25,-0.208477,-0.071080,0
4,0.75,0.5,-0.000000,-0.100522,0
4,0.75,0.75,0.208477,-0.071080,0
4,0.75,1,0.294831,-0.000000,0
4,1,0,-0.139933,-0.000000,0
4,1,0.25,-0.098948,-0.198890,0
4,1,0.5,-0.000000,-0.281273,0
4,1,0.75,0.098948,-0.198890,0
4,1,1,0.139933,-0.000000,0
4,1.25,0,0.108493,-0.000000,0
4,1.25,0.25,0.076716,-0.223794,0
4,1.25,0.5,0.000000,-0.316493,0
4,1.25,0.75,-0.076716,-0.223794,0
4,1.25,1,-0.108493,-0.000000,0
4,1.5,0,0.295516,-0.000000,0
4,1.5,0.25,0.208962,-0.086464,0
4,1.5,0.5,0.000000,-0.122279,0
4,1.5,0.75,-0.208962,-0.086464,0
4,1.5,1,-0.295516,-0.000000,0
4,1.75,0,0.262191,0.000000,0
4,1.75,0.25,0.185397,0.149351,0
4,1.75,0.5,0.000000,0.211214,0
4,1.75,0.75,-0.185397,0.149351,0
4,1.75,1,-0.262191,0.000000,0
4,2,0,0.000000,0.000000,0
4,2,0.25,0.000000,0.287431,0
4,2,0.5,0.000000,0.406488,0
4,2,0.75,-0.000000,0.287431,0
4,2,1,-0.000000,0.000000,0
5,0,0,-0.000000,0.000000,0
5,0,0.25,-0.000000,0.222144,0
5,0,0.5,-0.000000,0.314159,0
5,0,0.75,0.000000,0.222144,0
5,0,1,0.000000,0.000000,0
5,0.25,0,-0.222144,0.000000,0
5,0.25,0.25,-0.157080,0.157080,0
5,0.25,0.5,-0.000000,0.222144,0
5,0.25,0.75,0.157080,0.157080,0
5,0.25,1,0.222144,0.000000,0
5,0.5,0,-0.314159,0.000000,0
5,0.5,0.25,-0.222144,0.000000,0
5,0.5,0.5,-0.000000,0.000000,0
5,0.5,0.75,0.222144,0.000000,0
5,0.5,1,0.314159,0.000000,0
5,0.75,0,-0.222144,-0.000000,0
5,0.75,0.25,-0.157080,-0.157080,0
5,0.75,0.5,-0.000000,-0.222144,0
5,0.75,0.75,0.157080,-0.157080,0
5,0.75,1,0.222144,-0.000000,0
5,1,0,-0.000000,-0.000000,0
5,1,0.25,-0.000000,-0.222144,0
5,1,0.5,-0.000000,-0.314159,0
5,1,0.75,0.000000,-0.222144,0
5,1,1,0.000000,-0.000000,0
5,1.25,0,0.222144,-0.000000,0
5,1.25,0.25,0.157080,-0.157080,0
5,1.25,0.5,0.000000,-0.222144,0
5,1.25,0.75,-0.157080,-0.157080,0
5,1.25,1,-0.222144,-0.000000,0
5,1.5,0,0.314159,-0.000000,0
5,1.5,0.25,0.222144,-0.000000,0
5,1.5,0.5,0.000000,-0.000000,0
5,1.5,0.75,-0.222144,-0.000000,0
5,1.5,1,-0.314159,-0.000000,0
5,1.75,0,0.222144,0.000000,0
5,1.75,0.25,0.157080,0.157080,0
5,1.75,0.5,0.000000,0.222144,0
5,1.75,0.75,-0.157080,0.157080,0
5,1.75,1,-0.222144,0.000000,0
5,2,0,0.000000,0.000000,0
5,2,0.25,0.000000,0.222144,0
5,2,0.5,0.000000,0.314159,0
5,2,0.75,-0.000000,0.222144,0
5,2,1,-0.000000,0.000000,0
6,0,0,-0.000000,0.000000,0
6,0,0.25,-0.000000,0.287431,0
6,0,0.5,-0.000000,0.406488,0
6,0,0.75,0.000000,0.287431,0
6,0,1,0.000000,0.000000,0
6,0.25,0,-0.262191,0.000000,0
6,0.25,0.25,-0.185397,0.149351,0
6,0.25,0.5,-0.000000,0.211214,0
6,0.25,0.75,0.185397,0.149351,0
6,0.25,1,0.262191,0.000000,0
6,0.5,0,-0.295516,-0.000000,0
6,0.5,0.25,-0.208962,-0.086464,0
6,0.5,0.5,-0.000000,-0.122279,0
6,0.5,0.75,0.208962,-0.086464,0
6,0.5,1,0.295516,-0.000000,0
6,0.75,0,-0.108493,-0.000000,0
6,0.75,0.25,-0.076716,-0.223794,0
6,0.75,0.5,-0.000000,-0.316493,0
6,0.75,0.75,0.076716,-0.223794,0
6,0.75,1,0.108493,-0.000000,0
6,1,0,0.139933,-0.000000,0
6,1,0.25,0.098948,-0.198890,0
6,1,0.5,0.000000,-0.281273,0
6,1,0.75,-0.098948,-0.198890,0
6,1,1,-0.139933,-0.000000,0
6,1.25,0,0.294831,-0.000000,0
6,1.25,0.25,0.208477,-0.071080,0
6,1.25,0.5,0.000000,-0.100522,0
6,1.25,0.75,-0.208477,-0.071080,0
6,1.25,1,-0.294831,-0.000000,0
6,1.5,0,0.295516,0.000000,0
6,1.5,0.25,0.208962,0.064309,0
6,1.5,0.5,0.000000,0.090946,0
6,1.5,0.75,-0.208962,0.064309,0
6,1.5,1,-0.295516,0.000000,0
6,1.75,0,0.173067,0.000000,0
6,1.75,0.25,0.122377,0.144532,0
6,1.75,0.5,0.000000,0.204399,0
6,1.75,0.75,-0.122377,0.144532,0
6,1.75,1,-0.173067,0.000000,0
6,2,0,0.000000,0.000000,0
6,2,0.25,0.000000,0.156858,0
6,2,0.5,0.000000,0.221830,0
6,2,0.75,-0.000000,0.156858,0
6,2,1,-0.000000,0.000000,0
7,0,0,-0.000000,0.000000,0
7,0,0.25,-0.000000,0.327780,0
7,0,0.5,-0.000000,0.463551,0
7,0,0.75,0.000000,0.327780,0
7,0,1,0.000000,0.000000,0
7,0.25,0,-0.281698,0.000000,0
7,0.25,0.25,-0.199190,0.133416,0
7,0.25,0.5,-0.000000,0.188679,0
7,0.25,0.75,0.199190,0.133416,0
7,0.25,1,0.281698,0.000000,0
7,0.5,0,-0.266137,-0.000000,0
7,0.5,0.25,-0.188187,-0.146107,0
7,0.5,0.5,-0.000000,-0.206626,0
7,0.5,0.75,0.188187,-0.146107,0
7,0.5,1,0.266137,-0.000000,0
7,0.75,0,-0.026711,-0.000000,0
7,0.75,0.25,-0.018887,-0.247653,0
7,0.75,0.5,-0.000000,-0.350234,0
7,0.75,0.75,0.018887,-0.247653,0
7,0.75,1,0.026711,-0.000000,0
7,1,0,0.213443,-0.000000,0
7,1,0.25,0.150927,-0.163000,0
7,1,0.5,0.000000,-0.230517,0
7,1,0.75,-0.150927,-0.163000,0
7,1,1,-0.213443,-0.000000,0
7,1.25,0,0.313022,-0.000000,0
7,1.25,0.25,0.221340,-0.016642,0
7,1.25,0.5,0.000000,-0.023535,0
7,1.25,0.75,-0.221340,-0.016642,0
7,1.25,1,-0.313022,-0.000000,0
7,1.5,0,0.266137,0.000000,0
7,1.5,0.25,0.188187,0.089975,0
7,1.5,0.5,0.000000,0.127244,0
7,1.5,0.75,-0.188187,0.089975,0
7,1.5,1,-0.266137,0.000000,0
7,1.75,0,0.139077,0.000000,0
7,1.75,0.25,0.098343,0.128150,0
7,1.75,0.5,0.000000,0.181231,0
7,1.75,0.75,-0.098343,0.128150,0
7,1.75,1,-0.139077,0.000000,0
7,2,0,0.000000,0.000000,0
7,2,0.25,0.000000,0.116508,0
7,2,0.5,0.000000,0.164768,0
7,2,0.75,-0.000000,0.116508,0
7,2,1,-0.000000,0.000000,0
8,0,0,-0.000000,0.000000,0
8,0,0.25,-0.000000,0.327780,0
8,0,0.5,-0.000000,0.463551,0
8,0,0.75,0.000000,0.327780,0
8,0,1,0.000000,0.000000,0
8,0.25,0,-0.281698,0.000000,0
8,0.25,0.25,-0.199190,0.133416,0
8,0.25,0.5,-0.000000,0.188679,0
8,0.25,0.75,0.199190,0.133416,0
8,0.25,1,0.281698,0.000000,0
8,0.5,0,-0.266137,-0.000000,0
8,0.5,0.25,-0.188187,-0.146107,0
8,0.5,0.5,-0.000000,-0.206626,0
8,0.5,0.75,0.188187,-0.146107,0
8,0.5,1,0.266137,-0.000000,0
8,0.75,0,-0.026711,-0.000000,0
8,0.75,0.25,-0.018887,-0.247653,0
8,0.75,0.5,-0.000000,-0.350234,0
8,0.75,0.75,0.018887,-0.247653,0
8,0.75,1,0.026711,-0.000000,0
8,1,0,0.213443,-0.000000,0
8,1,0.25,0.150927,-0.163000,0
8,1,0.5,0.000000,-0.230517,0
8,1,0.75,-0.150927,-0.163000,0
8,1,1,-0.213443,-0.000000,0
8,1.25,0,0.313022,-0.000000,0
8,1.25,0.25,0.221340,-0.016642,0
8,1.25,0.5,0.000000,-0.023535,0
8,1.25,0.75,-0.221340,-0.016642,0
8,1.25,1,-0.313022,-0.000000,0
8,1.5,0,0.266137,0.000000,0
8,1.5,0.25,0.188187,0.089975,0
8,1.5,0.5,0.000000,0.127244,0
8,1.5,0.75,-0.188187,0.089975,0
8,1.5,1,-0.266137,0.000000,0
8,1.75,0,0.139077,0.000000,0
8,1.75,0.25,0.098343,0.128150,0
8,1.75,0.5,0.000000,0.181231,0
8,1.75,0.75,-0.098343,0.128150,0
8,1.75,1,-0.139077,0.000000,0
8,2,0,0.000000,0.000000,0
8,2,0.25,0.000000,0.116508,0
8,2,0.5,0.000000,0.164768,0
8,2,0.75,-0.000000,0.116508,0
8,2,1,-0.000000,0.000000,0
9,0,0,-0.000000,0.000000,0
9,0,0.25,-0.000000,0.287431,0
9,0,0.5,-0.000000,0.406488,0
9,0,0.75,0.000000,0.287431,0
9,0,1,0.000000,0.000000,0
9,0.25,0,-0.262191,0.000000,0
9,0.25,0.25,-0.185397,0.149351,0
9,0.25,0.5,-0.000000,0.211214,0
9,0.25,0.75,0.185397,0.149351,0
9,0.25,1,0.262191,0.000000,0
9,0.5,0,-0.295516,-0.000000,0
9,0.5,0.25,-0.208962,-0.086464,0
9,0.5,0.5,-0.000000,-0.122279,0
9,0.5,0.75,0.208962,-0.086464,0
9,0.5,1,0.295516,-0.000000,0
9,0.75,0,-0.108493,-0.000000,0
9,0.75,0.25,-0.076716,-0.223794,0
9,0.75,0.5,-0.000000,-0.316493,0
9,0.75,0.75,0.076716,-0.223794,0
9,0.75,1,0.108493,-0.000000,0
9,1,0,0.139933,-0.000000,0
9,1,0.25,0.098948,-0.198890,0
9,1,0.5,0.000000,-0.281273,0
9,1,0.75,-0.098948,-0.198890,0
9,1,1,-0.139933,-0.000000,0
9,1.25,0,0.294831,-0.000000,0
9,1.25,0.25,0.208477,-0.071080,0
9,1.25,0.5,0.000000,-0.100522,0
9,1.25,0.75,-0.208477,-0.071080,0
9,1.25,1,-0.294831,-0.000000,0
9,1.5,0,0.295516,0.000000,0
9,1.5,0.25,0.208962,0.064309,0
9,1.5,0.5,0.000000,0.090946,0
9,1.5,0.75,-0.208962,0.064309,0
9,1.5,1,-0.295516,0.000000,0
9,1.75,0,0.173067,0.000000,0
9,1.75,0.25,0.122377,0.144532,0
9,1.75,0.5,0.000000,0.204399,0
9,1.75,0.75,-0.122377,0.144532,0
9,1.75,1,-0.173067,0.000000,0
9,2,0,0.000000,0.000000,0
9,2,0.25,0.000000,0.156858,0
9,2,0.5,0.000000,0.221830,0
9,2,0.75,-0.000000,0.156858,0
9,2,1,-0.000000,0.000000,0
10,0,0,-0.000000,0.000000,0
10,0,0.25,-0.000000,0.222144,0
10,0,0.5,-0.000000,0.314159,0
10,0,0.75,0.000000,0.222144,0
10,0,1,0.000000,0.000000,0
10,0.25,0,-0.222144,0.000000,0
10,0.25,0.25,-0.157080,0.157080,0
10,0.25,0.5,-0.000000,0.222144,0
10,0.25,0.75,0.157080,0.157080,0
10,0.25,1,0.222144,0.000000,0
10,0.5,0,-0.314159,-0.000000,0
10,0.5,0.25,-0.222144,-0.000000,0
10,0.5,0.5,-0.000000,-0.000000,0
10,0.5,0.75,0.222144,-0.000000,0
10,0.5,1,0.314159,-0.000000,0
10,0.75,0,-0.222144,-0.000000,0
10,0.75,0.25,-0.157080,-0.157080,0
10,0.75,0.5,-0.000000,-0.222144,0
10,0.75,0.75,0.157080,-0.157080,0
10,0.75,1,0.222144,-0.000000,0
10,1,0,0.000000,-0.000000,0
10,1,0.25,0.000000,-0.222144,0
10,1,0.5,0.000000,-0.314159,0
10,1,0.75,-0.000000,-0.222144,0
10,1,1,-0.000000,-0.000000,0
10,1.25,0,0.222144,-0.000000,0
10,1.25,0.25,0.157080,-0.157080,0
10,1.25,0.5,0.000000,-0.222144,0
10,1.25,0.75,-0.157080,-0.157080,0
10,1.25,1,-0.222144,-0.000000,0
10,1.5,0,0.314159,0.000000,0
10,1.5,0.25,0.222144,0.000000,0
10,1.5,0.5,0.000000,0.000000,0
10,1.5,0.75,-0.222144,0.000000,0
10,1.5,1,-0.314159,0.000000,0
10,1.75,0,0.222144,0.000000,0
10,1.75,0.25,0.157080,0.157080,0
10,1.75,0.5,0.000000,0.222144,0
10,1.75,0.75,-0.157080,0.157080,0
10,1.75,1,-0.222144,0.000000,0
10,2,0,0.000000,0.000000,0
10,2,0.25,0.000000,0.222144,0
10,2,0.5,0.000000,0.314159,0
10,2,0.75,-0.000000,0.222144,0
10,2,1,-0.000000,0.000000,0
11,0,0,-0.000000,0.000000,0
11,0,0.25,-0.000000,0.156858,0
11,0,0.5,-0.000000,0.221830,0
11,0,0.75,0.000000,0.156858,0
11,0,1,0.000000,0.000000,0
11,0.25,0,-0.173067,0.000000,0
11,0.25,0.25,-0.122377,0.144532,0
11,0.25,0.5,-0.000000,0.204399,0
11,0.25,0.75,0.122377,0.144532,0
11,0.25,1,0.173067,0.000000,0
11,0.5,0,-0.295516,0.000000,0
11,0.5,0.25,-0.208962,0.064309,0
11,0.5,0.5,-0.000000,0.090946,0
11,0.5,0.75,0.208962,0.064309,0
11,0.5,1,0.295516,0.000000,0
11,0.75,0,-0.294831,-0.000000,0
11,0.75,0.25,-0.208477,-0.071080,0
11,0.75,0.5,-0.000000,-0.100522,0
11,0.75,0.75,0.208477,-0.071080,0
11,0.75,1,0.294831,-0.000000,0
11,1,0,-0.139933,-0.000000,0
11,1,0.25,-0.098948,-0.198890,0
11,1,0.5,-0.000000,-0.281273,0
11,1,0.75,0.098948,-0.198890,0
11,1,1,0.139933,-0.000000,0
11,1.25,0,0.108493,-0.000000,0
11,1.25,0.25,0.076716,-0.223794,0
11,1.25,0.5,0.000000,-0.316493,0
11,1.25,0.75,-0.076716,-0.223794,0
11,1.25,1,-0.108493,-0.000000,0
11,1.5,0,0.295516,-0.000000,0
11,1.5,0.25,0.208962,-0.086464,0
11,1.5,0.5,0.000000,-0.122279,0
11,1.5,0.75,-0.208962,-0.086464,0
11,1.5,1,-0.295516,-0.000000,0
11,1.75,0,0.262191,0.000000,0
11,1.75,0.25,0.185397,0.149351,0
11,1.75,0.5,0.000000,0.211214,0
11,1.75,0.75,-0.185397,0.149351,0
11,1.75,1,-0.262191,0.000000,0
11,2,0,0.000000,0.000000,0
11,2,0.25,0.000000,0.287431,0
11,2,0.5,0.000000,0.406488,0
11,2,0.75,-0.000000,0.287431,0
11,2,1,-0.000000,0.000000,0
12,0,0,-0.000000,0.000000,0
12,0,0.25,-0.000000,0.116508,0
12,0,0.5,-0.000000,0.164768,0
12,0,0.75,0.000000,0.116508,0
12,0,1,0.000000,0.000000,0
12,0.25,0,-0.139077,0.000000,0
12,0.25,0.25,-0.098343,0.128150,0
12,0.25,0.5,-0.000000,0.181231,0
12,0.25,0.75,0.098343,0.128150,0
12,0.25,1,0.139077,0.000000,0
12,0.5,0,-0.266137,0.000000,0
12,0.5,0.25,-0.188187,0.089975,0
12,0.5,0.5,-0.000000,0.127244,0
12,0.5,0.75,0.188187,0.089975,0
12,0.5,1,0.266137,0.000000,0
12,0.75,0,-0.313022,-0.000000,0
12,0.75,0.25,-0.221340,-0.016642,0
12,0.75,0.5,-0.000000,-0.023535,0
12,0.75,0.75,0.221340,-0.016642,0
12,0.75,1,0.313022,-0.000000,0
12,1,0,-0.213443,-0.000000,0
12,1,0.25,-0.150927,-0.163000,0
12,1,0.5,-0.000000,-0.230517,0
12,1,0.75,0.150927,-0.163000,0
12,1,1,0.213443,-0.000000,0
12,1.25,0,0.026711,-0.000000,0
12,1.25,0.25,0.018887,-0.247653,0
12,1.25,0.5,0.000000,-0.350234,0
12,1.25,0.75,-0.018887,-0.247653,0
12,1.25,1,-0.026711,-0.000000,0
12,1.5,0,0.266137,-0.000000,0
12,1.5,0.25,0.188187,-0.146107,0
12,1.5,0.5,0.000000,-0.206626,0
12,1.5,0.75,-0.188187,-0.146107,0
12,1.5,1,-0.266137,-0.000000,0
12,1.75,0,0.281698,0.000000,0
12,1.75,0.25,0.199190,0.133416,0
12,1.75,0.5,0.000000,0.188679,0
12,1.75,0.75,-0.199190,0.133416,0
12,1.75,1,-0.281698,0.000000,0
12,2,0,0.000000,0.000000,0
12,2,0.25,0.000000,0.327780,0
12,2,0.5,0.000000,0.463551,0
12,2,0.75,-0.000000,0.327780,0
12,2,1,-0.000000,0.000000,0
13,0,0,-0.000000,0.000000,0
13,0,0.25,-0.000000,0.116508,0
13,0,0.5,-0.000000,0.164768,0
13,0,0.75,0.000000,0.116508,0
13,0,1,0.000000,0.000000,0
13,0.25,0,-0.139077,0.000000,0
13,0.25,0.25,-0.098343,0.128150,0
13,0.25,0.5,-0.000000,0.181231,0
13,0.25,0.75,0.098343,0.128150,0
13,0.25,1,0.139077,0.000000,0
13,0.5,0,-0.266137,0.000000,0
13,0.5,0.25,-0.188187,0.089975,0
13,0.5,0.5,-0.000000,0.127244,0
13,0.5,0.75,0.188187,0.089975,0
13,0.5,1,0.266137,0.000000,0
13,0.75,0,-0.313022,-0.000000,0
13,0.75,0.25,-0.221340,-0.016642,0
13,0.75,0.5,-0.000000,-0.023535,0
13,0.75,0.75,0.221340,-0.016642,0
13,0.75,1,0.313022,-0.000000,0
13,1,0,-0.213443,-0.000000,0
13,1,0.25,-0.150927,-0.163000,0
13,1,0.5,-0.000000,-0.230517,0
13,1,0.75,0.150927,-0.163000,0
13,1,1,0.213443,-0.000000,0
13,1.25,0,0.026711,-0.000000,0
13,1.25,0.25,0.018887,-0.247653,0
13,1.25,0.5,0.000000,-0.350234,0
13,1.25,0.75,-0.018887,-0.247653,0
13,1.25,1,-0.026711,-0.000000,0
13,1.5,0,0.266137,-0.000000,0
13,1.5,0.25,0.188187,-0.146107,0
13,1.5,0.5,0.000000,-0.206626,0
13,1.5,0.75,-0.188187,-0.146107,0
13,1.5,1,-0.266137,-0.000000,0
13,1.75,0,0.281698,0.000000,0
13,1.75,0.25,0.199190,0.133416,0
13,1.75,0.5,0.000000,0.188679,0
13,1.75,0.75,-0.199190,0.133416,0
13,1.75,1,-0.281698,0.000000,0
13,2,0,0.000000,0.000000,0
13,2,0.25,0.000000,0.327780,0
13,2,0.5,0.000000,0.463551,0
13,2,0.75,-0.000000,0.327780,0
13,2,1,-0.000000,0.000000,0
14,0,0,-0.000000,0.000000,0
14,0,0.25,-0.000000,0.156858,0
14,0,0.5,-0.000000,0.221830,0
14,0,0.75,0.000000,0.156858,0
14,0,1,0.000000,0.000000,0
14,0.25,0,-0.173067,0.000000,0
14,0.25,0.25,-0.122377,0.144532,0
14,0.25,0.5,-0.000000,0.204399,0
14,0.25,0.75,0.122377,0.144532,0
14,0.25,1,0.173067,0.000000,0
14,0.5,0,-0.295516,0.000000,0
14,0.5,0.25,-0.208962,0.064309,0
14,0.5,0.5,-0.000000,0.090946,0
14,0.5,0.75,0.208962,0.064309,0
14,0.5,1,0.295516,0.000000,0
14,0.75,0,-0.294831,-0.000000,0
14,0.75,0.25,-0.208477,-0.071080,0
14,0.75,0.5,-0.000000,-0.100522,0
14,0.75,0.75,0.208477,-0.071080,0
14,0.75,1,0.294831,-0.000000,0
14,1,0,-0.139933,-0.000000,0
14,1,0.25,-0.098948,-0.198890,0
14,1,0.5,-0.000000,-0.281273,0
14,1,0.75,0.098948,-0.198890,0
14,1,1,0.139933,-0.000000,0
14,1.25,0,0.108493,-0.000000,0
14,1.25,0.25,0.076716,-0.223794,0
14,1.25,0.5,0.000000,-0.316493,0
14,1.25,0.75,-0.076716,-0.223794,0
14,1.25,1,-0.108493,-0.000000,0
14,1.5,0,0.295516,-0.000000,0
14,1.5,0.25,0.208962,-0.086464,0
14,1.5,0.5,0.000000,-0.122279,0
14,1.5,0.75,-0.208962,-0.086464,0
14,1.5,1,-0.295516,-0.000000,0
14,1.75,0,0.262191,0.000000,0
14,1.75,0.25,0.185397,0.149351,0
14,1.75,0.5,0.000000,0.211214,0
14,1.75,0.75,-0.185397,0.149351,0
14,1.75,1,-0.262191,0.000000,0
14,2,0,0.000000,0.000000,0
14,2,0.25,0.000000,0.287431,0
14,2,0.5,0.000000,0.406488,0
14,2,0.75,-0.000000,0.287431,0
14,2,1,-0.000000,0.000000,0
15,0,0,-0.000000,0.000000,0
15,0,0.25,-0.000000,0.222144,0
15,0,0.5,-0.000000,0.314159,0
15,0,0.75,0.000000,0.222144,0
15,0,1,0.000000,0.000000,0
15,0.25,0,-0.222144,0.000000,0
15,0.25,0.25,-0.157080,0.157080,0
15,0.25,0.5,-0.000000,0.222144,0
15,0.25,0.75,0.157080,0.157080,0
15,0.25,1,0.222144,0.000000,0
15,0.5,0,-0.314159,0.000000,0
15,0.5,0.25,-0.222144,0.000000,0
15,0.5,0.5,-0.000000,0.000000,0
15,0.5,0.75,0.222144,0.000000,0
15,0.5,1,0.314159,0.000000,0
15,0.75,0,-0.222144,-0.000000,0
15,0.75,0.25,-0.157080,-0.157080,0
15,0.75,0.5,-0.000000,-0.222144,0
15,0.75,0.75,0.157080,-0.157080,0
15,0.75,1,0.222144,-0.000000,0
15,1,0,-0.000000,-0.000000,0
15,1,0.25,-0.000000,-0.222144,0
15,1,0.5,-0.000000,-0.314159,0
15,1,0.75,0.000000,-0.222144,0
15,1,1,0.000000,-0.000000,0
15,1.25,0,0.222144,-0.000000,0
15,1.25,0.25,0.157080,-0.157080,0
15,1.25,0.5,0.000000,-0.222144,0
15,1.25,0.75,-0.157080,-0.157080,0
15,1.25,1,-0.222144,-0.000000,0
15,1.5,0,0.314159,-0.000000,0
15,1.5,0.25,0.222144,-0.000000,0
15,1.5,0.5,0.000000,-0.000000,0
15,1.5,0.75,-0.222144,-0.000000,0
15,1.5,1,-0.314159,-0.000000,0
15,1.75,0,0.222144,0.000000,0
15,1.75,0.25,0.157080,0.157080,0
15,1.75,0.5,0.000000,0.222144,0
15,1.75,0.75,-0.157080,0.157080,0
15,1.75,1,-0.222144,0.000000,0
15,2,0,0.000000,0.000000,0
15,2,0.25,0.000000,0.222144,0
15,2,0.5,0.000000,0.314159,0
15,2,0.75,-0.000000,0.222144,0
15,2,1,-0.000000,0.000000,0
16,0,0,-0.000000,0.000000,0
16,0,0.25,-0.000000,0.287431,0
16,0,0.5,-0.000000,0.406488,0
16,0,0.75,0.000000,0.287431,0
16,0,1,0.000000,0.000000,0
16,0.25,0,-0.262191,0.000000,0
16,0.25,0.25,-0.185397,0.149351,0
16,0.25,0.5,-0.000000,0.211214,0
16,0.25,0.75,0.185397,0.149351,0
16,0.25,1,0.262191,0.000000,0
16,0.5,0,-0.295516,-0.000000,0
16,0.5,0.25,-0.208962,-0.086464,0
16,0.5,0.5,-0.000000,-0.122279,0
16,0.5,0.75,0.208962,-0.086464,0
16,0.5,1,0.295516,-0.000000,0
16,0.75,0,-0.108493,-0.000000,0
16,0.75,0.25,-0.076716,-0.223794,0
16,0.75,0.5,-0.000000,-0.316493,0
16,0.75,0.75,0.076716,-0.223794,0
16,0.75,1,0.108493,-0.000000,0
16,1,0,0.139933,-0.000000,0
16,1,0.25,0.098948,-0.198890,0
16,1,0.5,0.000000,-0.281273,0
16,1,0.75,-0.098948,-0.198890,0
16,1,1,-0.139933,-0.000000,0
16,1.25,0,0.294831,-0.000000,0
16,1.25,0.25,0.208477,-0.071080,0
16,1.25,0.5,0.000000,-0.100522,0
16,1.25,0.75,-0.208477,-0.071080,0
16,1.25,1,-0.294831,-0.000000,0
16,1.5,0,0.295516,0.000000,0
16,1.5,0.25,0.208962,0.064309,0
16,1.5,0.5,0.000000,0.090946,0
16,1.5,0.75,-0.208962,0.064309,0
16,1.5,1,-0.295516,0.000000,0
16,1.75,0,0.173067,0.000000,0
16,1.75,0.25,0.122377,0.144532,0
16,1.75,0.5,0.000000,0.204399,0
16,1.75,0.75,-0.122377,0.144532,0
16,1.75,1,-0.173067,0.000000,0
16,2,0,0.000000,0.000000,0
16,2,0.25,0.000000,0.156858,0
16,2,0.5,0.000000,0.221830,0
16,2,0.75,-0.000000,0.156858,0
16,2,1,-0.000000,0.000000,0
17,0,0,-0.000000,0.000000,0
17,0,0.25,-0.000000,0.327780,0
17,0,0.5,-0.000000,0.463551,0
17,0,0.75,0.000000,0.327780,0
17,0,1,0.000000,0.000000,0
17,0.25,0,-0.281698,0.000000,0
17,0.25,0.25,-0.199190,0.133416,0
17,0.25,0.5,-0.000000,0.188679,0
17,0.25,0.75,0.199190,0.133416,0
17,0.25,1,0.281698,0.000000,0
17,0.5,0,-0.266137,-0.000000,0
17,0.5,0.25,-0.188187,-0.146107,0
17,0.5,0.5,-0.000000,-0.206626,0
17,0.5,0.75,0.188187,-0.146107,0
17,0.5,1,0.266137,-0.000000,0
17,0.75,0,-0.026711,-0.000000,0
17,0.75,0.25,-0.018887,-0.247653,0
17,0.75,0.5,-0.000000,-0.350234,0
17,0.75,0.75,0.018887,-0.247653,0
17,0.75,1,0.026711,-0.000000,0
17,1,0,0.213443,-0.000000,0
17,1,0.25,0.150927,-0.163000,0
17,1,0.5,0.000000,-0.230517,0
17,1,0.75,-0.150927,-0.163000,0
17,1,1,-0.213443,-0.000000,0
17,1.25,0,0.313022,-0.000000,0
17,1.25,0.25,0.221340,-0.016642,0
17,1.25,0.5,0.000000,-0.023535,0
17,1.25,0.75,-0.221340,-0.016642,0
17,1.25,1,-0.313022,-0.000000,0
17,1.5,0,0.266137,0.000000,0
17,1.5,0.25,0.188187,0.089975,0
17,1.5,0.5,0.000000,0.127244,0
17,1.5,0.75,-0.188187,0.089975,0
17,1.5,1,-0.266137,0.000000,0
17,1.75,0,0.139077,0.000000,0
17,1.75,0.25,0.098343,0.128150,0
17,1.75,0.5,0.000000,0.181231,0
17,1.75,0.75,-0.098343,0.128150,0
17,1.75,1,-0.139077,0.000000,0
17,2,0,0.000000,0.000000,0
17,2,0.25,0.000000,0.116508,0
17,2,0.5,0.000000,0.164768,0
17,2,0.75,-0.000000,0.116508,0
17,2,1,-0.000000,0.000000,0
18,0,0,-0.000000,0.000000,0
18,0,0.25,-0.000000,0.327780,0
18,0,0.5,-0.000000,0.463551,0
18,0,0.75,0.000000,0.327780,0
18,0,1,0.000000,0.000000,0
18,0.25,0,-0.281698,0.000000,0
18,0.25,0.25,-0.199190,0.133416,0
18,0.25,0.5,-0.000000,0.188679,0
18,0.25,0.75,0.199190,0.133416,0
18,0.25,1,0.281698,0.000000,0
18,0.5,0,-0.266137,-0.000000,0
18,0.5,0.25,-0.188187,-0.146107,0
18,0.5,0.5,-0.000000,-0.206626,0
18,0.5,0.75,0.188187,-0.146107,0
18,0.5,1,0.266137,-0.000000,0
18,0.75,0,-0.026711,-0.000000,0
18,0.75,0.25,-0.018887,-0.247653,0
18,0.75,0.5,-0.000000,-0.350234,0
18,0.75,0.75,0.018887,-0.247653,0
18,0.75,1,0.026711,-0.000000,0
18,1,0,0.213443,-0.000000,0
18,1,0.25,0.150927,-0.163000,0
18,1,0.5,0.000000,-0.230517,0
18,1,0.75,-0.150927,-0.163000,0
18,1,1,-0.213443,-0.000000,0
18,1.25,0,0.313022,-0.000000,0
18,1.25,0.25,0.221340,-0.016642,0
18,1.25,0.5,0.000000,-0.023535,0
18,1.25,0.75,-0.221340,-0.016642,0
18,1.25,1,-0.313022,-0.000000,0
18,1.5,0,0.266137,0.000000,0
18,1.5,0.25,0.188187,0.089975,0
18,1.5,0.5,0.000000,0.127244,0
18,1.5,0.75,-0.188187,0.089975,0
18,1.5,1,-0.266137,0.000000,0
18,1.75,0,0.139077,0.000000,0
18,1.75,0.25,0.098343,0.128150,0
18,1.75,0.5,0.000000,0.181231,0
18,1.75,0.75,-0.098343,0.128150,0
18,1.75,1,-0.139077,0.000000,0
18,2,0,0.000000,0.000000,0
18,2,0.25,0.000000,0.116508,0
18,2,0.5,0.000000,0.164768,0
18,2,0.75,-0.000000,0.116508,0
18,2,1,-0.000000,0.000000,0
19,0,0,-0.000000,0.000000,0
19,0,0.25,-0.000000,0.287431,0
19,0,0.5,-0.000000,0.406488,0
19,0,0.75,0.000000,0.287431,0
19,0,1,0.000000,0.000000,0
19,0.25,0,-0.262191,0.000000,0
19,0.25,0.25,-0.185397,0.149351,0
19,0.25,0.5,-0.000000,0.211214,0
19,0.25,0.75,0.185397,0.149351,0
19,0.25,1,0.262191,0.000000,0
19,0.5,0,-0.295516,-0.000000,0
19,0.5,0.25,-0.208962,-0.086464,0
19,0.5,0.5,-0.000000,-0.122279,0
19,0.5,0.75,0.208962,-0.086464,0
19,0.5,1,0.295516,-0.000000,0
19,0.75,0,-0.108493,-0.000000,0
19,0.75,0.25,-0.076716,-0.223794,0
19,0.75,0.5,-0.000000,-0.316493,0
19,0.75,0.75,0.076716,-0.223794,0
19,0.75,1,0.108493,-0.000000,0
19,1,0,0.139933,-0.000000,0
19,1,0.25,0.098948,-0.198890,0
19,1,0.5,0.000000,-0.281273,0
19,1,0.75,-0.098948,-0.198890,0
19,1,1,-0.139933,-0.000000,0
19,1.25,0,0.294831,-0.000000,0
19,1.25,0.25,0.208477,-0.071080,0
19,1.25,0.5,0.000000,-0.100522,0
19,1.25,0.75,-0.208477,-0.071080,0
19,1.25,1,-0.294831,-0.000000,0
19,1.5,0,0.295516,0.000000,0
19,1.5,0.25,0.208962,0.064309,0
19,1.5,0.5,0.000000,0.090946,0
19,1.5,0.75,-0.208962,0.064309,0
19,1.5,1,-0.295516,0.000000,0
19,1.75,0,0.173067,0.000000,0
19,1.75,0.25,0.122377,0.144532,0
19,1.75,0.5,0.000000,0.204399,0
19,1.75,0.75,-0.122377,0.144532,0
19,1.75,1,-0.173067,0.000000,0
19,2,0,0.000000,0.000000,0
19,2,0.25,0.000000,0.156858,0
19,2,0.5,0.000000,0.221830,0
19,2,0.75,-0.000000,0.156858,0
19,2,1,-0.000000,0.000000,0
20,0,0,-0.000000,0.000000,0
20,0,0.25,-0.000000,0.222144,0
20,0,0.5,-0.000000,0.314159,0
20,0,0.75,0.000000,0.222144,0
20,0,1,0.000000,0.000000,0
20,0.25,0,-0.222144,0.000000,0
20,0.25,0.25,-0.157080,0.157080,0
20,0.25,0.5,-0.000000,0.222144,0
20,0.25,0.75,0.157080,0.157080,0
20,0.25,1,0.222144,0.000000,0
20,0.5,0,-0.314159,-0.000000,0
20,0.5,0.25,-0.222144,-0.000000,0
20,0.5,0.5,-0.000000,-0.000000,0
20,0.5,0.75,0.222144,-0.000000,0
20,0.5,1,0.314159,-0.000000,0
20,0.75,0,-0.222144,-0.000000,0
20,0.75,0.25,-0.157080,-0.157080,0
20,0.75,0.5,-0.000000,-0.222144,0
20,0.75,0.75,0.157080,-0.157080,0
20,0.75,1,0.222144,-0.000000,0
20,1,0,-0.000000,-0.000000,0
20,1,0.25,-0.000000,-0.222144,0
20,1,0.5,-0.000000,-0.314159,0
20,1,0.75,0.000000,-0.222144,0
20,1,1,0.000000,-0.000000,0
20,1.25,0,0.222144,-0.000000,0
20,1.25,0.25,0.157080,-0.157080,0
20,1.25,0.5,0.000000,-0.222144,0
20,1.25,0.75,-0.157080,-0.157080,0
20,1.25,1,-0.222144,-0.000000,0
20,1.5,0,0.314159,0.000000,0
20,1.5,0.25,0.222144,0.000000,0
20,1.5,0.5,0.000000,0.000000,0
20,1.5,0.75,-0.222144,0.000000,0
20,1.5,1,-0.314159,0.000000,0
20,1.75,0,0.222144,0.000000,0
20,1.75,0.25,0.157080,0.157080,0
20,1.75,0.5,0.000000,0.222144,0
20,1.75,0.75,-0.157080,0.157080,0
20,1.75,1,-0.222144,0.000000,0
20,2,0,0.000000,0.000000,0
20,2,0.25,0.000000,0.222144,0
20,2,0.5,0.000000,0.314159,0
20,2,0.75,-0.000000,0.222144,0
20,2,1,-0.000000,0.000000,0
