t,x,y,z,u,v,w
0,0.0025,0.0025,0.0105,0,0,0
0,0.0075,0.0025,0.0105,0,0,0
0,0.0125,0.0025,0.0105,0,0,0
0,0.0175,0.0025,0.0105,0,0,0
0,0.0225,0.0025,0.0105,0,0,0
0,0.0275,0.0025,0.0105,0,0,0
0,0.0325,0.0025,0.0105,0,0,0
0,0.0375,0.0025,0.0105,0,0,0
0,0.0425,0.0025,0.0105,0,0,0
0,0.0475,0.0025,0.0105,0,0,0
0,0.0525,0.0025,0.0105,0,0,0
0,0.0575,0.0025,0.0105,0,0,0
0,0.0625,0.0025,0.0105,0,0,0
0,0.0675,0.0025,0.0105,0,0,0
0,0.0725,0.0025,0.0105,0,0,0
0,0.0775,0.0025,0.0105,0,0,0
0,0.0825,0.0025,0.0105,0,0,0
0,0.0875,0.0025,0.0105,0,0,0
0,0.0925,0.0025,0.0105,0,0,0
0,0.0975,0.0025,0.0105,0,0,0
0,0.0025,0.0075,0.0105,0,0,0
0,0.0075,0.0075,0.0105,0,0,0
0,0.0125,0.0075,0.0105,0,0,0
0,0.0175,0.0075,0.0105,0,0,0
0,0.0225,0.0075,0.0105,0,0,0
0,0.0275,0.0075,0.0105,0,0,0
0,0.0325,0.0075,0.0105,0,0,0
0,0.0375,0.0075,0.0105,0,0,0
0,0.0425,0.0075,0.0105,0,0,0
0,0.0475,0.0075,0.0105,0,0,0
0,0.0525,0.0075,0.0105,0,0,0
0,0.0575,0.0075,0.0105,0,0,0
0,0.0625,0.0075,0.0105,0,0,0
0,0.0675,0.0075,0.0105,0,0,0
0,0.0725,0.0075,0.0105,0,0,0
0,0.0775,0.0075,0.0105,0,0,0
0,0.0825,0.0075,0.0105,0,0,0
0,0.0875,0.0075,0.0105,0,0,0
0,0.0925,0.0075,0.0105,0,0,0
0,0.0975,0.0075,0.0105,0,0,0
0,0.0025,0.0125,0.0105,0,0,0
0,0.0075,0.0125,0.0105,0,0,0
0,0.0125,0.0125,0.0105,0,0,0
0,0.0175,0.0125,0.0105,0,0,0
0,0.0225,0.0125,0.0105,0,0,0
0,0.0275,0.0125,0.0105,0,0,0
0,0.0325,0.0125,0.0105,0,0,0
0,0.0375,0.0125,0.0105,0,0,0
0,0.0425,0.0125,0.0105,0,0,0
0,0.0475,0.0125,0.0105,0,0,0
0,0.0525,0.0125,0.0105,0,0,0
0,0.0575,0.0125,0.0105,0,0,0
0,0.0625,0.0125,0.0105,0,0,0
0,0.0675,0.0125,0.0105,0,0,0
0,0.0725,0.0125,0.0105,0,0,0
0,0.0775,0.0125,0.0105,0,0,0
0,0.0825,0.0125,0.0105,0,0,0
0,0.0875,0.0125,0.0105,0,0,0
0,0.0925,0.0125,0.0105,0,0,0
0,0.0975,0.0125,0.0105,0,0,0
0,0.0025,0.0175,0.0105,0,0,0
0,0.0075,0.0175,0.0105,0,0,0
0,0.0125,0.0175,0.0105,0,0,0
0,0.0175,0.0175,0.0105,0,0,0
0,0.0225,0.0175,0.0105,0,0,0
0,0.0275,0.0175,0.0105,0,0,0
0,0.0325,0.0175,0.0105,0,0,0
0,0.0375,0.0175,0.0105,0,0,0
0,0.0425,0.0175,0.0105,0,0,0
0,0.0475,0.0175,0.0105,0,0,0
0,0.0525,0.0175,0.0105,0,0,0
0,0.0575,0.0175,0.0105,0,0,0
0,0.0625,0.0175,0.0105,0,0,0
0,0.0675,0.0175,0.0105,0,0,0
0,0.0725,0.0175,0.0105,0,0,0
0,0.0775,0.0175,0.0105,0,0,0
0,0.0825,0.0175,0.0105,0,0,0
0,0.0875,0.0175,0.0105,0,0,0
0,0.0925,0.0175,0.0105,0,0,0
0,0.0975,0.0175,0.0105,0,0,0
0,0.0025,0.0225,0.0105,0,0,0
0,0.0075,0.0225,0.0105,0,0,0
0,0.0125,0.0225,0.0105,0,0,0
0,0.0175,0.0225,0.0105,0,0,0
0,0.0225,0.0225,0.0105,0,0,0
0,0.0275,0.0225,0.0105,0,0,0
0,0.0325,0.0225,0.0105,0,0,0
0,0.0375,0.0225,0.0105,0,0,0
0,0.0425,0.0225,0.0105,0,0,0
0,0.0475,0.0225,0.0105,0,0,0
0,0.0525,0.0225,0.0105,0,0,0
0,0.0575,0.0225,0.0105,0,0,0
0,0.0625,0.0225,0.0105,0,0,0
0,0.0675,0.0225,0.0105,0,0,0
0,0.0725,0.0225,0.0105,0,0,0
0,0.0775,0.0225,0.0105,0,0,0
0,0.0825,0.0225,0.0105,0,0,0
0,0.0875,0.0225,0.0105,0,0,0
0,0.0925,0.0225,0.0105,0,0,0
0,0.0975,0.0225,0.0105,0,0,0
0,0.0025,0.0275,0.0105,0,0,0
0,0.0075,0.0275,0.0105,0,0,0
0,0.0125,0.0275,0.0105,0,0,0
0,0.0175,0.0275,0.0105,0,0,0
0,0.0225,0.0275,0.0105,0,0,0
0,0.0275,0.0275,0.0105,0,0,0
0,0.0325,0.0275,0.0105,0,0,0
0,0.0375,0.0275,0.0105,0,0,0
0,0.0425,0.0275,0.0105,0,0,0
0,0.0475,0.0275,0.0105,0,0,0
0,0.0525,0.0275,0.0105,0,0,0
0,0.0575,0.0275,0.0105,0,0,0
0,0.0625,0.0275,0.0105,0,0,0
0,0.0675,0.0275,0.0105,0,0,0
0,0.0725,0.0275,0.0105,0,0,0
0,0.0775,0.0275,0.0105,0,0,0
0,0.0825,0.0275,0.0105,0,0,0
0,0.0875,0.0275,0.0105,0,0,0
0,0.0925,0.0275,0.0105,0,0,0
0,0.0975,0.0275,0.0105,0,0,0
0,0.0025,0.0325,0.0105,0,0,0
0,0.0075,0.0325,0.0105,0,0,0
0,0.0125,0.0325,0.0105,0,0,0
0,0.0175,0.0325,0.0105,0,0,0
0,0.0225,0.0325,0.0105,0,0,0
0,0.0275,0.0325,0.0105,0,0,0
0,0.0325,0.0325,0.0105,0,0,0
0,0.0375,0.0325,0.0105,0,0,0
0,0.0425,0.0325,0.0105,0,0,0
0,0.0475,0.0325,0.0105,0,0,0
0,0.0525,0.0325,0.0105,0,0,0
0,0.0575,0.0325,0.0105,0,0,0
0,0.0625,0.0325,0.0105,0,0,0
0,0.0675,0.0325,0.0105,0,0,0
0,0.0725,0.0325,0.0105,0,0,0
0,0.0775,0.0325,0.0105,0,0,0
0,0.0825,0.0325,0.0105,0,0,0
0,0.0875,0.0325,0.0105,0,0,0
0,0.0925,0.0325,0.0105,0,0,0
0,0.0975,0.0325,0.0105,0,0,0
0,0.0025,0.0375,0.0105,0,0,0
0,0.0075,0.0375,0.0105,0,0,0
0,0.0125,0.0375,0.0105,0,0,0
0,0.0175,0.0375,0.0105,0,0,0
0,0.0225,0.0375,0.0105,0,0,0
0,0.0275,0.0375,0.0105,0,0,0
0,0.0325,0.0375,0.0105,0,0,0
0,0.0375,0.0375,0.0105,0,0,0
0,0.0425,0.0375,0.0105,0,0,0
0,0.0475,0.0375,0.0105,0,0,0
0,0.0525,0.0375,0.0105,0,0,0
0,0.0575,0.0375,0.0105,0,0,0
0,0.0625,0.0375,0.0105,0,0,0
0,0.0675,0.0375,0.0105,0,0,0
0,0.0725,0.0375,0.0105,0,0,0
0,0.0775,0.0375,0.0105,0,0,0
0,0.0825,0.0375,0.0105,0,0,0
0,0.0875,0.0375,0.0105,0,0,0
0,0.0925,0.0375,0.0105,0,0,0
0,0.0975,0.0375,0.0105,0,0,0
0,0.0025,0.0425,0.0105,0,0,0
0,0.0075,0.0425,0.0105,0,0,0
0,0.0125,0.0425,0.0105,0,0,0
0,0.0175,0.0425,0.0105,0,0,0
0,0.0225,0.0425,0.0105,0,0,0
0,0.0275,0.0425,0.0105,0,0,0
0,0.0325,0.0425,0.0105,0,0,0
0,0.0375,0.0425,0.0105,0,0,0
0,0.0425,0.0425,0.0105,0,0,0
0,0.0475,0.0425,0.0105,0,0,0
0,0.0525,0.0425,0.0105,0,0,0
0,0.0575,0.0425,0.0105,0,0,0
0,0.0625,0.0425,0.0105,0,0,0
0,0.0675,0.0425,0.0105,0,0,0
0,0.0725,0.0425,0.0105,0,0,0
0,0.0775,0.0425,0.0105,0,0,0
0,0.0825,0.0425,0.0105,0,0,0
0,0.0875,0.0425,0.0105,0,0,0
0,0.0925,0.0425,0.0105,0,0,0
0,0.0975,0.0425,0.0105,0,0,0
0,0.0025,0.0475,0.0105,0,0,0
0,0.0075,0.0475,0.0105,0,0,0
0,0.0125,0.0475,0.0105,0,0,0
0,0.0175,0.0475,0.0105,0,0,0
0,0.0225,0.0475,0.0105,0,0,0
0,0.0275,0.0475,0.0105,0,0,0
0,0.0325,0.0475,0.0105,0,0,0
0,0.0375,0.0475,0.0105,0,0,0
0,0.0425,0.0475,0.0105,0,0,0
0,0.0475,0.0475,0.0105,0,0,0
0,0.0525,0.0475,0.0105,0,0,0
0,0.0575,0.0475,0.0105,0,0,0
0,0.0625,0.0475,0.0105,0,0,0
0,0.0675,0.0475,0.0105,0,0,0
0,0.0725,0.0475,0.0105,0,0,0
0,0.0775,0.0475,0.0105,0,0,0
0,0.0825,0.0475,0.0105,0,0,0
0,0.0875,0.0475,0.0105,0,0,0
0,0.0925,0.0475,0.0105,0,0,0
0,0.0975,0.0475,0.0105,0,0,0
0,0.0025,0.0525,0.0105,0,0,0
0,0.0075,0.0525,0.0105,0,0,0
0,0.0125,0.0525,0.0105,0,0,0
0,0.0175,0.0525,0.0105,0,0,0
0,0.0225,0.0525,0.0105,0,0,0
0,0.0275,0.0525,0.0105,0,0,0
0,0.0325,0.0525,0.0105,0,0,0
0,0.0375,0.0525,0.0105,0,0,0
0,0.0425,0.0525,0.0105,0,0,0
0,0.0475,0.0525,0.0105,0,0,0
0,0.0525,0.0525,0.0105,0,0,0
0,0.0575,0.0525,0.0105,0,0,0
0,0.0625,0.0525,0.0105,0,0,0
0,0.0675,0.0525,0.0105,0,0,0
0,0.0725,0.0525,0.0105,0,0,0
0,0.0775,0.0525,0.0105,0,0,0
0,0.0825,0.0525,0.0105,0,0,0
0,0.0875,0.0525,0.0105,0,0,0
0,0.0925,0.0525,0.0105,0,0,0
0,0.0975,0.0525,0.0105,0,0,0
0,0.0025,0.0575,0.0105,0,0,0
0,0.0075,0.0575,0.0105,0,0,0
0,0.0125,0.0575,0.0105,0,0,0
0,0.0175,0.0575,0.0105,0,0,0
0,0.0225,0.0575,0.0105,0,0,0
0,0.0275,0.0575,0.0105,0,0,0
0,0.0325,0.0575,0.0105,0,0,0
0,0.0375,0.0575,0.0105,0,0,0
0,0.0425,0.0575,0.0105,0,0,0
0,0.0475,0.0575,0.0105,0,0,0
0,0.0525,0.0575,0.0105,0,0,0
0,0.0575,0.0575,0.0105,0,0,0
0,0.0625,0.0575,0.0105,0,0,0
0,0.0675,0.0575,0.0105,0,0,0
0,0.0725,0.0575,0.0105,0,0,0
0,0.0775,0.0575,0.0105,0,0,0
0,0.0825,0.0575,0.0105,0,0,0
0,0.0875,0.0575,0.0105,0,0,0
0,0.0925,0.0575,0.0105,0,0,0
0,0.0975,0.0575,0.0105,0,0,0
0,0.0025,0.0625,0.0105,0,0,0
0,0.0075,0.0625,0.0105,0,0,0
0,0.0125,0.0625,0.0105,0,0,0
0,0.0175,0.0625,0.0105,0,0,0
0,0.0225,0.0625,0.0105,0,0,0
0,0.0275,0.0625,0.0105,0,0,0
0,0.0325,0.0625,0.0105,0,0,0
0,0.0375,0.0625,0.0105,0,0,0
0,0.0425,0.0625,0.0105,0,0,0
0,0.0475,0.0625,0.0105,0,0,0
0,0.0525,0.0625,0.0105,0,0,0
0,0.0575,0.0625,0.0105,0,0,0
0,0.0625,0.0625,0.0105,0,0,0
0,0.0675,0.0625,0.0105,0,0,0
0,0.0725,0.0625,0.0105,0,0,0
0,0.0775,0.0625,0.0105,0,0,0
0,0.0825,0.0625,0.0105,0,0,0
0,0.0875,0.0625,0.0105,0,0,0
0,0.0925,0.0625,0.0105,0,0,0
0,0.0975,0.0625,0.0105,0,0,0
0,0.0025,0.0675,0.0105,0,0,0
0,0.0075,0.0675,0.0105,0,0,0
0,0.0125,0.0675,0.0105,0,0,0
0,0.0175,0.0675,0.0105,0,0,0
0,0.0225,0.0675,0.0105,0,0,0
0,0.0275,0.0675,0.0105,0,0,0
0,0.0325,0.0675,0.0105,0,0,0
0,0.0375,0.0675,0.0105,0,0,0
0,0.0425,0.0675,0.0105,0,0,0
0,0.0475,0.0675,0.0105,0,0,0
0,0.0525,0.0675,0.0105,0,0,0
0,0.0575,0.0675,0.0105,0,0,0
0,0.0625,0.0675,0.0105,0,0,0
0,0.0675,0.0675,0.0105,0,0,0
0,0.0725,0.0675,0.0105,0,0,0
0,0.0775,0.0675,0.0105,0,0,0
0,0.0825,0.0675,0.0105,0,0,0
0,0.0875,0.0675,0.0105,0,0,0
0,0.0925,0.0675,0.0105,0,0,0
0,0.0975,0.0675,0.0105,0,0,0
0,0.0025,0.0725,0.0105,0,0,0
0,0.0075,0.0725,0.0105,0,0,0
0,0.0125,0.0725,0.0105,0,0,0
0,0.0175,0.0725,0.0105,0,0,0
0,0.0225,0.0725,0.0105,0,0,0
0,0.0275,0.0725,0.0105,0,0,0
0,0.0325,0.0725,0.0105,0,0,0
0,0.0375,0.0725,0.0105,0,0,0
0,0.0425,0.0725,0.0105,0,0,0
0,0.0475,0.0725,0.0105,0,0,0
0,0.0525,0.0725,0.0105,0,0,0
0,0.0575,0.0725,0.0105,0,0,0
0,0.0625,0.0725,0.0105,0,0,0
0,0.0675,0.0725,0.0105,0,0,0
0,0.0725,0.0725,0.0105,0,0,0
0,0.0775,0.0725,0.0105,0,0,0
0,0.0825,0.0725,0.0105,0,0,0
0,0.0875,0.0725,0.0105,0,0,0
0,0.0925,0.0725,0.0105,0,0,0
0,0.0975,0.0725,0.0105,0,0,0
0,0.0025,0.0775,0.0105,0,0,0
0,0.0075,0.0775,0.0105,0,0,0
0,0.0125,0.0775,0.0105,0,0,0
0,0.0175,0.0775,0.0105,0,0,0
0,0.0225,0.0775,0.0105,0,0,0
0,0.0275,0.0775,0.0105,0,0,0
0,0.0325,0.0775,0.0105,0,0,0
0,0.0375,0.0775,0.0105,0,0,0
0,0.0425,0.0775,0.0105,0,0,0
0,0.0475,0.0775,0.0105,0,0,0
0,0.0525,0.0775,0.0105,0,0,0
0,0.0575,0.0775,0.0105,0,0,0
0,0.0625,0.0775,0.0105,0,0,0
0,0.0675,0.0775,0.0105,0,0,0
0,0.0725,0.0775,0.0105,0,0,0
0,0.0775,0.0775,0.0105,0,0,0
0,0.0825,0.0775,0.0105,0,0,0
0,0.0875,0.0775,0.0105,0,0,0
0,0.0925,0.0775,0.0105,0,0,0
0,0.0975,0.0775,0.0105,0,0,0
0,0.0025,0.0825,0.0105,0,0,0
0,0.0075,0.0825,0.0105,0,0,0
0,0.0125,0.0825,0.0105,0,0,0
0,0.0175,0.0825,0.0105,0,0,0
0,0.0225,0.0825,0.0105,0,0,0
0,0.0275,0.0825,0.0105,0,0,0
0,0.0325,0.0825,0.0105,0,0,0
0,0.0375,0.0825,0.0105,0,0,0
0,0.0425,0.0825,0.0105,0,0,0
0,0.0475,0.0825,0.0105,0,0,0
0,0.0525,0.0825,0.0105,0,0,0
0,0.0575,0.0825,0.0105,0,0,0
0,0.0625,0.0825,0.0105,0,0,0
0,0.0675,0.0825,0.0105,0,0,0
0,0.0725,0.0825,0.0105,0,0,0
0,0.0775,0.0825,0.0105,0,0,0
0,0.0825,0.0825,0.0105,0,0,0
0,0.0875,0.0825,0.0105,0,0,0
0,0.0925,0.0825,0.0105,0,0,0
0,0.0975,0.0825,0.0105,0,0,0
0,0.0025,0.0875,0.0105,0,0,0
0,0.0075,0.0875,0.0105,0,0,0
0,0.0125,0.0875,0.0105,0,0,0
0,0.0175,0.0875,0.0105,0,0,0
0,0.0225,0.0875,0.0105,0,0,0
0,0.0275,0.0875,0.0105,0,0,0
0,0.0325,0.0875,0.0105,0,0,0
0,0.0375,0.0875,0.0105,0,0,0
0,0.0425,0.0875,0.0105,0,0,0
0,0.0475,0.0875,0.0105,0,0,0
0,0.0525,0.0875,0.0105,0,0,0
0,0.0575,0.0875,0.0105,0,0,0
0,0.0625,0.0875,0.0105,0,0,0
0,0.0675,0.0875,0.0105,0,0,0
0,0.0725,0.0875,0.0105,0,0,0
0,0.0775,0.0875,0.0105,0,0,0
0,0.0825,0.0875,0.0105,0,0,0
0,0.0875,0.0875,0.0105,0,0,0
0,0.0925,0.0875,0.0105,0,0,0
0,0.0975,0.0875,0.0105,0,0,0
0,0.0025,0.0925,0.0105,0,0,0
0,0.0075,0.0925,0.0105,0,0,0
0,0.0125,0.0925,0.0105,0,0,0
0,0.0175,0.0925,0.0105,0,0,0
0,0.0225,0.0925,0.0105,0,0,0
0,0.0275,0.0925,0.0105,0,0,0
0,0.0325,0.0925,0.0105,0,0,0
0,0.0375,0.0925,0.0105,0,0,0
0,0.0425,0.0925,0.0105,0,0,0
0,0.0475,0.0925,0.0105,0,0,0
0,0.0525,0.0925,0.0105,0,0,0
0,0.0575,0.0925,0.0105,0,0,0
0,0.0625,0.0925,0.0105,0,0,0
0,0.0675,0.0925,0.0105,0,0,0
0,0.0725,0.0925,0.0105,0,0,0
0,0.0775,0.0925,0.0105,0,0,0
0,0.0825,0.0925,0.0105,0,0,0
0,0.0875,0.0925,0.0105,0,0,0
0,0.0925,0.0925,0.0105,0,0,0
0,0.0975,0.0925,0.0105,0,0,0
0,0.0025,0.0975,0.0105,0,0,0
0,0.0075,0.0975,0.0105,0,0,0
0,0.0125,0.0975,0.0105,0,0,0
0,0.0175,0.0975,0.0105,0,0,0
0,0.0225,0.0975,0.0105,0,0,0
0,0.0275,0.0975,0.0105,0,0,0
0,0.0325,0.0975,0.0105,0,0,0
0,0.0375,0.0975,0.0105,0,0,0
0,0.0425,0.0975,0.0105,0,0,0
0,0.0475,0.0975,0.0105,0,0,0
0,0.0525,0.0975,0.0105,0,0,0
0,0.0575,0.0975,0.0105,0,0,0
0,0.0625,0.0975,0.0105,0,0,0
0,0.0675,0.0975,0.0105,0,0,0
0,0.0725,0.0975,0.0105,0,0,0
0,0.0775,0.0975,0.0105,0,0,0
0,0.0825,0.0975,0.0105,0,0,0
0,0.0875,0.0975,0.0105,0,0,0
0,0.0925,0.0975,0.0105,0,0,0
0,0.0975,0.0975,0.0105,0,0,0
0.5,0.0025,0.0025,0.0105,0.00031925,-0.00031925,0
0.5,0.0075,0.0025,0.0105,0.00282628,-0.0009265,0
0.5,0.0125,0.0025,0.0105,0.00759493,-0.00144306,0
0.5,0.0175,0.0025,0.0105,0.0141584,-0.00181836,0
0.5,0.0225,0.0025,0.0105,0.0218743,-0.00201567,0
0.5,0.0275,0.0025,0.0105,0.0299872,-0.00201567,0
0.5,0.0325,0.0025,0.0105,0.037703,-0.00181836,0
0.5,0.0375,0.0025,0.0105,0.0442665,-0.00144306,0
0.5,0.0425,0.0025,0.0105,0.0490352,-0.0009265,0
0.5,0.0475,0.0025,0.0105,0.0515422,-0.00031925,0
0.5,0.0525,0.0025,0.0105,0.0515422,0.00031925,0
0.5,0.0575,0.0025,0.0105,0.0490352,0.0009265,0
0.5,0.0625,0.0025,0.0105,0.0442665,0.00144306,0
0.5,0.0675,0.0025,0.0105,0.037703,0.00181836,0
0.5,0.0725,0.0025,0.0105,0.0299872,0.00201567,0
0.5,0.0775,0.0025,0.0105,0.0218743,0.00201567,0
0.5,0.0825,0.0025,0.0105,0.0141584,0.00181836,0
0.5,0.0875,0.0025,0.0105,0.00759493,0.00144306,0
0.5,0.0925,0.0025,0.0105,0.00282628,0.0009265,0
0.5,0.0975,0.0025,0.0105,0.00031925,0.00031925,0
0.5,0.0025,0.0075,0.0105,0.000926501,-0.00282628,0
0.5,0.0075,0.0075,0.0105,0.00820218,-0.00820218,0
0.5,0.0125,0.0075,0.0105,0.0220414,-0.0127752,0
0.5,0.0175,0.0075,0.0105,0.0410893,-0.0160977,0
0.5,0.0225,0.0075,0.0105,0.0634816,-0.0178444,0
0.5,0.0275,0.0075,0.0105,0.0870262,-0.0178444,0
0.5,0.0325,0.0075,0.0105,0.109418,-0.0160977,0
0.5,0.0375,0.0075,0.0105,0.128466,-0.0127752,0
0.5,0.0425,0.0075,0.0105,0.142306,-0.00820218,0
0.5,0.0475,0.0075,0.0105,0.149581,-0.00282628,0
0.5,0.0525,0.0075,0.0105,0.149581,0.00282628,0
0.5,0.0575,0.0075,0.0105,0.142306,0.00820218,0
0.5,0.0625,0.0075,0.0105,0.128466,0.0127752,0
0.5,0.0675,0.0075,0.0105,0.109418,0.0160977,0
0.5,0.0725,0.0075,0.0105,0.0870262,0.0178444,0
0.5,0.0775,0.0075,0.0105,0.0634816,0.0178444,0
0.5,0.0825,0.0075,0.0105,0.0410893,0.0160977,0
0.5,0.0875,0.0075,0.0105,0.0220414,0.0127752,0
0.5,0.0925,0.0075,0.0105,0.00820218,0.00820218,0
0.5,0.0975,0.0075,0.0105,0.000926501,0.00282628,0
0.5,0.0025,0.0125,0.0105,0.00144309,-0.00759493,0
0.5,0.0075,0.0125,0.0105,0.0127752,-0.0220414,0
0.5,0.0125,0.0125,0.0105,0.0343302,-0.0343302,0
0.5,0.0175,0.0125,0.0105,0.0639982,-0.0432586,0
0.5,0.0225,0.0125,0.0105,0.0988749,-0.0479525,0
0.5,0.0275,0.0125,0.0105,0.135547,-0.0479525,0
0.5,0.0325,0.0125,0.0105,0.170423,-0.0432586,0
0.5,0.0375,0.0125,0.0105,0.200091,-0.0343302,0
0.5,0.0425,0.0125,0.0105,0.221646,-0.0220414,0
0.5,0.0475,0.0125,0.0105,0.232978,-0.00759493,0
0.5,0.0525,0.0125,0.0105,0.232978,0.00759493,0
0.5,0.0575,0.0125,0.0105,0.221646,0.0220414,0
0.5,0.0625,0.0125,0.0105,0.200091,0.0343302,0
0.5,0.0675,0.0125,0.0105,0.170423,0.0432586,0
0.5,0.0725,0.0125,0.0105,0.135547,0.0479525,0
0.5,0.0775,0.0125,0.0105,0.0988749,0.0479525,0
0.5,0.0825,0.0125,0.0105,0.0639982,0.0432586,0
0.5,0.0875,0.0125,0.0105,0.0343302,0.0343302,0
0.5,0.0925,0.0125,0.0105,0.0127752,0.0220414,0
0.5,0.0975,0.0125,0.0105,0.00144309,0.00759493,0
0.5,0.0025,0.0175,0.0105,0.00181882,-0.0141584,0
0.5,0.0075,0.0175,0.0105,0.0160982,-0.0410893,0
0.5,0.0125,0.0175,0.0105,0.0432591,-0.0639981,0
0.5,0.0175,0.0175,0.0105,0.0806428,-0.0806424,0
0.5,0.0225,0.0175,0.0105,0.12459,-0.0893928,0
0.5,0.0275,0.0175,0.0105,0.170799,-0.0893928,0
0.5,0.0325,0.0175,0.0105,0.214746,-0.0806424,0
0.5,0.0375,0.0175,0.0105,0.25213,-0.0639981,0
0.5,0.0425,0.0175,0.0105,0.279291,-0.0410893,0
0.5,0.0475,0.0175,0.0105,0.29357,-0.0141584,0
0.5,0.0525,0.0175,0.0105,0.29357,0.0141584,0
0.5,0.0575,0.0175,0.0105,0.279291,0.0410893,0
0.5,0.0625,0.0175,0.0105,0.25213,0.0639981,0
0.5,0.0675,0.0175,0.0105,0.214746,0.0806424,0
0.5,0.0725,0.0175,0.0105,0.170799,0.0893928,0
0.5,0.0775,0.0175,0.0105,0.12459,0.0893928,0
0.5,0.0825,0.0175,0.0105,0.0806428,0.0806424,0
0.5,0.0875,0.0175,0.0105,0.0432591,0.0639981,0
0.5,0.0925,0.0175,0.0105,0.0160982,0.0410893,0
0.5,0.0975,0.0175,0.0105,0.00181882,0.0141584,0
0.5,0.0025,0.0225,0.0105,0.00201913,-0.0218743,0
0.5,0.0075,0.0225,0.0105,0.0178479,-0.0634816,0
0.5,0.0125,0.0225,0.0105,0.047956,-0.0988749,0
0.5,0.0175,0.0225,0.0105,0.0893962,-0.12459,0
0.5,0.0225,0.0225,0.0105,0.138112,-0.138109,0
0.5,0.0275,0.0225,0.0105,0.189335,-0.138109,0
0.5,0.0325,0.0225,0.0105,0.238051,-0.12459,0
0.5,0.0375,0.0225,0.0105,0.279491,-0.0988749,0
0.5,0.0425,0.0225,0.0105,0.309599,-0.0634816,0
0.5,0.0475,0.0225,0.0105,0.325428,-0.0218743,0
0.5,0.0525,0.0225,0.0105,0.325428,0.0218743,0
0.5,0.0575,0.0225,0.0105,0.309599,0.0634816,0
0.5,0.0625,0.0225,0.0105,0.279491,0.0988749,0
0.5,0.0675,0.0225,0.0105,0.238051,0.12459,0
0.5,0.0725,0.0225,0.0105,0.189335,0.138109,0
0.5,0.0775,0.0225,0.0105,0.138112,0.138109,0
0.5,0.0825,0.0225,0.0105,0.0893962,0.12459,0
0.5,0.0875,0.0225,0.0105,0.047956,0.0988749,0
0.5,0.0925,0.0225,0.0105,0.0178479,0.0634816,0
0.5,0.0975,0.0225,0.0105,0.00201913,0.0218743,0
0.5,0.0025,0.0275,0.0105,0.00203292,-0.0299872,0
0.5,0.0075,0.0275,0.0105,0.0178617,-0.0870262,0
0.5,0.0125,0.0275,0.0105,0.0479698,-0.135546,0
0.5,0.0175,0.0275,0.0105,0.08941,-0.170799,0
0.5,0.0225,0.0275,0.0105,0.138126,-0.189332,0
0.5,0.0275,0.0275,0.0105,0.189349,-0.189332,0
0.5,0.0325,0.0275,0.0105,0.238065,-0.170799,0
0.5,0.0375,0.0275,0.0105,0.279505,-0.135546,0
0.5,0.0425,0.0275,0.0105,0.309613,-0.0870262,0
0.5,0.0475,0.0275,0.0105,0.325442,-0.0299872,0
0.5,0.0525,0.0275,0.0105,0.325442,0.0299872,0
0.5,0.0575,0.0275,0.0105,0.309613,0.0870262,0
0.5,0.0625,0.0275,0.0105,0.279505,0.135546,0
0.5,0.0675,0.0275,0.0105,0.238065,0.170799,0
0.5,0.0725,0.0275,0.0105,0.189349,0.189332,0
0.5,0.0775,0.0275,0.0105,0.138126,0.189332,0
0.5,0.0825,0.0275,0.0105,0.08941,0.170799,0
0.5,0.0875,0.0275,0.0105,0.0479698,0.135546,0
0.5,0.0925,0.0275,0.0105,0.0178617,0.0870262,0
0.5,0.0975,0.0275,0.0105,0.00203292,0.0299872,0
0.5,0.0025,0.0325,0.0105,0.00188403,-0.037703,0
0.5,0.0075,0.0325,0.0105,0.0161634,-0.109418,0
0.5,0.0125,0.0325,0.0105,0.0433243,-0.170423,0
0.5,0.0175,0.0325,0.0105,0.080708,-0.214746,0
0.5,0.0225,0.0325,0.0105,0.124655,-0.238048,0
0.5,0.0275,0.0325,0.0105,0.170864,-0.238048,0
0.5,0.0325,0.0325,0.0105,0.214811,-0.214746,0
0.5,0.0375,0.0325,0.0105,0.252195,-0.170423,0
0.5,0.0425,0.0325,0.0105,0.279356,-0.109418,0
0.5,0.0475,0.0325,0.0105,0.293635,-0.037703,0
0.5,0.0525,0.0325,0.0105,0.293635,0.037703,0
0.5,0.0575,0.0325,0.0105,0.279356,0.109418,0
0.5,0.0625,0.0325,0.0105,0.252195,0.170423,0
0.5,0.0675,0.0325,0.0105,0.214811,0.214746,0
0.5,0.0725,0.0325,0.0105,0.170864,0.238048,0
0.5,0.0775,0.0325,0.0105,0.124655,0.238048,0
0.5,0.0825,0.0325,0.0105,0.080708,0.214746,0
0.5,0.0875,0.0325,0.0105,0.0433243,0.170423,0
0.5,0.0925,0.0325,0.0105,0.0161634,0.109418,0
0.5,0.0975,0.0325,0.0105,0.00188403,0.037703,0
0.5,0.0025,0.0375,0.0105,0.0016494,-0.0442665,0
0.5,0.0075,0.0375,0.0105,0.0129815,-0.128466,0
0.5,0.0125,0.0375,0.0105,0.0345366,-0.200091,0
0.5,0.0175,0.0375,0.0105,0.0642045,-0.25213,0
0.5,0.0225,0.0375,0.0105,0.0990812,-0.279488,0
0.5,0.0275,0.0375,0.0105,0.135753,-0.279488,0
0.5,0.0325,0.0375,0.0105,0.17063,-0.25213,0
0.5,0.0375,0.0375,0.0105,0.200297,-0.200091,0
0.5,0.0425,0.0375,0.0105,0.221853,-0.128466,0
0.5,0.0475,0.0375,0.0105,0.233185,-0.0442665,0
0.5,0.0525,0.0375,0.0105,0.233185,0.0442665,0
0.5,0.0575,0.0375,0.0105,0.221853,0.128466,0
0.5,0.0625,0.0375,0.0105,0.200297,0.200091,0
0.5,0.0675,0.0375,0.0105,0.17063,0.25213,0
0.5,0.0725,0.0375,0.0105,0.135753,0.279488,0
0.5,0.0775,0.0375,0.0105,0.0990812,0.279488,0
0.5,0.0825,0.0375,0.0105,0.0642045,0.25213,0
0.5,0.0875,0.0375,0.0105,0.0345366,0.200091,0
0.5,0.0925,0.0375,0.0105,0.0129815,0.128466,0
0.5,0.0975,0.0375,0.0105,0.0016494,0.0442665,0
0.5,0.0025,0.0425,0.0105,0.00148812,-0.0490352,0
0.5,0.0075,0.0425,0.0105,0.0087638,-0.142306,0
0.5,0.0125,0.0425,0.0105,0.022603,-0.221646,0
0.5,0.0175,0.0425,0.0105,0.041651,-0.27929,0
0.5,0.0225,0.0425,0.0105,0.0640432,-0.309596,0
0.5,0.0275,0.0425,0.0105,0.0875878,-0.309596,0
0.5,0.0325,0.0425,0.0105,0.10998,-0.27929,0
0.5,0.0375,0.0425,0.0105,0.129028,-0.221646,0
0.5,0.0425,0.0425,0.0105,0.142867,-0.142306,0
0.5,0.0475,0.0425,0.0105,0.150143,-0.0490352,0
0.5,0.0525,0.0425,0.0105,0.150143,0.0490352,0
0.5,0.0575,0.0425,0.0105,0.142867,0.142306,0
0.5,0.0625,0.0425,0.0105,0.129028,0.221646,0
0.5,0.0675,0.0425,0.0105,0.10998,0.27929,0
0.5,0.0725,0.0425,0.0105,0.0875878,0.309596,0
0.5,0.0775,0.0425,0.0105,0.0640432,0.309596,0
0.5,0.0825,0.0425,0.0105,0.041651,0.27929,0
0.5,0.0875,0.0425,0.0105,0.022603,0.221646,0
0.5,0.0925,0.0425,0.0105,0.0087638,0.142306,0
0.5,0.0975,0.0425,0.0105,0.00148812,0.0490352,0
0.5,0.0025,0.0475,0.0105,0.0016866,-0.0515422,0
0.5,0.0075,0.0475,0.0105,0.00419363,-0.149581,0
0.5,0.0125,0.0475,0.0105,0.00896229,-0.232978,0
0.5,0.0175,0.0475,0.0105,0.0155258,-0.29357,0
0.5,0.0225,0.0475,0.0105,0.0232416,-0.325425,0
0.5,0.0275,0.0475,0.0105,0.0313545,-0.325425,0
0.5,0.0325,0.0475,0.0105,0.0390704,-0.29357,0
0.5,0.0375,0.0475,0.0105,0.0456339,-0.232978,0
0.5,0.0425,0.0475,0.0105,0.0504025,-0.149581,0
0.5,0.0475,0.0475,0.0105,0.0529096,-0.0515422,0
0.5,0.0525,0.0475,0.0105,0.0529096,0.0515422,0
0.5,0.0575,0.0475,0.0105,0.0504025,0.149581,0
0.5,0.0625,0.0475,0.0105,0.0456339,0.232978,0
0.5,0.0675,0.0475,0.0105,0.0390704,0.29357,0
0.5,0.0725,0.0475,0.0105,0.0313545,0.325425,0
0.5,0.0775,0.0475,0.0105,0.0232416,0.325425,0
0.5,0.0825,0.0475,0.0105,0.0155258,0.29357,0
0.5,0.0875,0.0475,0.0105,0.00896229,0.232978,0
0.5,0.0925,0.0475,0.0105,0.00419363,0.149581,0
0.5,0.0975,0.0475,0.0105,0.0016866,0.0515422,0
0.5,0.0025,0.0525,0.0105,0.00272589,-0.0515422,0
0.5,0.0075,0.0525,0.0105,0.000218857,-0.149581,0
0.5,0.0125,0.0525,0.0105,-0.0045498,-0.232978,0
0.5,0.0175,0.0525,0.0105,-0.0111133,-0.29357,0
0.5,0.0225,0.0525,0.0105,-0.0188291,-0.325425,0
0.5,0.0275,0.0525,0.0105,-0.026942,-0.325425,0
0.5,0.0325,0.0525,0.0105,-0.0346579,-0.29357,0
0.5,0.0375,0.0525,0.0105,-0.0412214,-0.232978,0
0.5,0.0425,0.0525,0.0105,-0.04599,-0.149581,0
0.5,0.0475,0.0525,0.0105,-0.0484971,-0.0515422,0
0.5,0.0525,0.0525,0.0105,-0.0484971,0.0515422,0
0.5,0.0575,0.0525,0.0105,-0.04599,0.149581,0
0.5,0.0625,0.0525,0.0105,-0.0412214,0.232978,0
0.5,0.0675,0.0525,0.0105,-0.0346579,0.29357,0
0.5,0.0725,0.0525,0.0105,-0.026942,0.325425,0
0.5,0.0775,0.0525,0.0105,-0.0188291,0.325425,0
0.5,0.0825,0.0525,0.0105,-0.0111133,0.29357,0
0.5,0.0875,0.0525,0.0105,-0.0045498,0.232978,0
0.5,0.0925,0.0525,0.0105,0.000218857,0.149581,0
0.5,0.0975,0.0525,0.0105,0.00272589,0.0515422,0
0.5,0.0025,0.0575,0.0105,0.00537835,-0.0490352,0
0.5,0.0075,0.0575,0.0105,-0.00189733,-0.142306,0
0.5,0.0125,0.0575,0.0105,-0.0157365,-0.221646,0
0.5,0.0175,0.0575,0.0105,-0.0347845,-0.27929,0
0.5,0.0225,0.0575,0.0105,-0.0571767,-0.309596,0
0.5,0.0275,0.0575,0.0105,-0.0807213,-0.309596,0
0.5,0.0325,0.0575,0.0105,-0.103114,-0.27929,0
0.5,0.0375,0.0575,0.0105,-0.122162,-0.221646,0
0.5,0.0425,0.0575,0.0105,-0.136001,-0.142306,0
0.5,0.0475,0.0575,0.0105,-0.143276,-0.0490352,0
0.5,0.0525,0.0575,0.0105,-0.143276,0.0490352,0
0.5,0.0575,0.0575,0.0105,-0.136001,0.142306,0
0.5,0.0625,0.0575,0.0105,-0.122162,0.221646,0
0.5,0.0675,0.0575,0.0105,-0.103114,0.27929,0
0.5,0.0725,0.0575,0.0105,-0.0807213,0.309596,0
0.5,0.0775,0.0575,0.0105,-0.0571767,0.309596,0
0.5,0.0825,0.0575,0.0105,-0.0347845,0.27929,0
0.5,0.0875,0.0575,0.0105,-0.0157365,0.221646,0
0.5,0.0925,0.0575,0.0105,-0.00189733,0.142306,0
0.5,0.0975,0.0575,0.0105,0.00537835,0.0490352,0
0.5,0.0025,0.0625,0.0105,0.0108419,-0.0442665,0
0.5,0.0075,0.0625,0.0105,-0.000490276,-0.128466,0
0.5,0.0125,0.0625,0.0105,-0.0220453,-0.200091,0
0.5,0.0175,0.0625,0.0105,-0.0517132,-0.25213,0
0.5,0.0225,0.0625,0.0105,-0.08659,-0.279488,0
0.5,0.0275,0.0625,0.0105,-0.123262,-0.279488,0
0.5,0.0325,0.0625,0.0105,-0.158138,-0.25213,0
0.5,0.0375,0.0625,0.0105,-0.187806,-0.200091,0
0.5,0.0425,0.0625,0.0105,-0.209361,-0.128466,0
0.5,0.0475,0.0625,0.0105,-0.220693,-0.0442665,0
0.5,0.0525,0.0625,0.0105,-0.220693,0.0442665,0
0.5,0.0575,0.0625,0.0105,-0.209361,0.128466,0
0.5,0.0625,0.0625,0.0105,-0.187806,0.200091,0
0.5,0.0675,0.0625,0.0105,-0.158138,0.25213,0
0.5,0.0725,0.0625,0.0105,-0.123262,0.279488,0
0.5,0.0775,0.0625,0.0105,-0.08659,0.279488,0
0.5,0.0825,0.0625,0.0105,-0.0517132,0.25213,0
0.5,0.0875,0.0625,0.0105,-0.0220453,0.200091,0
0.5,0.0925,0.0625,0.0105,-0.000490276,0.128466,0
0.5,0.0975,0.0625,0.0105,0.0108419,0.0442665,0
0.5,0.0025,0.0675,0.0105,0.0209202,-0.037703,0
0.5,0.0075,0.0675,0.0105,0.00664085,-0.109418,0
0.5,0.0125,0.0675,0.0105,-0.0205201,-0.170423,0
0.5,0.0175,0.0675,0.0105,-0.0579038,-0.214746,0
0.5,0.0225,0.0675,0.0105,-0.101851,-0.238048,0
0.5,0.0275,0.0675,0.0105,-0.14806,-0.238048,0
0.5,0.0325,0.0675,0.0105,-0.192007,-0.214746,0
0.5,0.0375,0.0675,0.0105,-0.229391,-0.170423,0
0.5,0.0425,0.0675,0.0105,-0.256552,-0.109418,0
0.5,0.0475,0.0675,0.0105,-0.270831,-0.037703,0
0.5,0.0525,0.0675,0.0105,-0.270831,0.037703,0
0.5,0.0575,0.0675,0.0105,-0.256552,0.109418,0
0.5,0.0625,0.0675,0.0105,-0.229391,0.170423,0
0.5,0.0675,0.0675,0.0105,-0.192007,0.214746,0
0.5,0.0725,0.0675,0.0105,-0.14806,0.238048,0
0.5,0.0775,0.0675,0.0105,-0.101851,0.238048,0
0.5,0.0825,0.0675,0.0105,-0.0579038,0.214746,0
0.5,0.0875,0.0675,0.0105,-0.0205201,0.170423,0
0.5,0.0925,0.0675,0.0105,0.00664085,0.109418,0
0.5,0.0975,0.0675,0.0105,0.0209202,0.037703,0
0.5,0.0025,0.0725,0.0105,0.0382594,-0.0299872,0
0.5,0.0075,0.0725,0.0105,0.0224306,-0.0870262,0
0.5,0.0125,0.0725,0.0105,-0.00767744,-0.135546,0
0.5,0.0175,0.0725,0.0105,-0.0491177,-0.170799,0
0.5,0.0225,0.0725,0.0105,-0.0978336,-0.189332,0
0.5,0.0275,0.0725,0.0105,-0.149057,-0.189332,0
0.5,0.0325,0.0725,0.0105,-0.197772,-0.170799,0
0.5,0.0375,0.0725,0.0105,-0.239213,-0.135546,0
0.5,0.0425,0.0725,0.0105,-0.269321,-0.0870262,0
0.5,0.0475,0.0725,0.0105,-0.28515,-0.0299872,0
0.5,0.0525,0.0725,0.0105,-0.28515,0.0299872,0
0.5,0.0575,0.0725,0.0105,-0.269321,0.0870262,0
0.5,0.0625,0.0725,0.0105,-0.239213,0.135546,0
0.5,0.0675,0.0725,0.0105,-0.197772,0.170799,0
0.5,0.0725,0.0725,0.0105,-0.149057,0.189332,0
0.5,0.0775,0.0725,0.0105,-0.0978336,0.189332,0
0.5,0.0825,0.0725,0.0105,-0.0491177,0.170799,0
0.5,0.0875,0.0725,0.0105,-0.00767744,0.135546,0
0.5,0.0925,0.0725,0.0105,0.0224306,0.0870262,0
0.5,0.0975,0.0725,0.0105,0.0382594,0.0299872,0
0.5,0.0025,0.0775,0.0105,0.066651,-0.0218743,0
0.5,0.0075,0.0775,0.0105,0.0508222,-0.0634816,0
0.5,0.0125,0.0775,0.0105,0.0207141,-0.0988749,0
0.5,0.0175,0.0775,0.0105,-0.0207261,-0.12459,0
0.5,0.0225,0.0775,0.0105,-0.069442,-0.138109,0
0.5,0.0275,0.0775,0.0105,-0.120665,-0.138109,0
0.5,0.0325,0.0775,0.0105,-0.169381,-0.12459,0
0.5,0.0375,0.0775,0.0105,-0.210821,-0.0988749,0
0.5,0.0425,0.0775,0.0105,-0.240929,-0.0634816,0
0.5,0.0475,0.0775,0.0105,-0.256758,-0.0218743,0
0.5,0.0525,0.0775,0.0105,-0.256758,0.0218743,0
0.5,0.0575,0.0775,0.0105,-0.240929,0.0634816,0
0.5,0.0625,0.0775,0.0105,-0.210821,0.0988749,0
0.5,0.0675,0.0775,0.0105,-0.169381,0.12459,0
0.5,0.0725,0.0775,0.0105,-0.120665,0.138109,0
0.5,0.0775,0.0775,0.0105,-0.069442,0.138109,0
0.5,0.0825,0.0775,0.0105,-0.0207261,0.12459,0
0.5,0.0875,0.0775,0.0105,0.0207141,0.0988749,0
0.5,0.0925,0.0775,0.0105,0.0508222,0.0634816,0
0.5,0.0975,0.0775,0.0105,0.066651,0.0218743,0
0.5,0.0025,0.0825,0.0105,0.111412,-0.0141584,0
0.5,0.0075,0.0825,0.0105,0.0971329,-0.0410893,0
0.5,0.0125,0.0825,0.0105,0.069972,-0.0639981,0
0.5,0.0175,0.0825,0.0105,0.0325883,-0.0806424,0
0.5,0.0225,0.0825,0.0105,-0.011359,-0.0893928,0
0.5,0.0275,0.0825,0.0105,-0.0575679,-0.0893928,0
0.5,0.0325,0.0825,0.0105,-0.101515,-0.0806424,0
0.5,0.0375,0.0825,0.0105,-0.138899,-0.0639981,0
0.5,0.0425,0.0825,0.0105,-0.16606,-0.0410893,0
0.5,0.0475,0.0825,0.0105,-0.180339,-0.0141584,0
0.5,0.0525,0.0825,0.0105,-0.180339,0.0141584,0
0.5,0.0575,0.0825,0.0105,-0.16606,0.0410893,0
0.5,0.0625,0.0825,0.0105,-0.138899,0.0639981,0
0.5,0.0675,0.0825,0.0105,-0.101515,0.0806424,0
0.5,0.0725,0.0825,0.0105,-0.0575679,0.0893928,0
0.5,0.0775,0.0825,0.0105,-0.011359,0.0893928,0
0.5,0.0825,0.0825,0.0105,0.0325883,0.0806424,0
0.5,0.0875,0.0825,0.0105,0.069972,0.0639981,0
0.5,0.0925,0.0825,0.0105,0.0971329,0.0410893,0
0.5,0.0975,0.0825,0.0105,0.111412,0.0141584,0
0.5,0.0025,0.0875,0.0105,0.179856,-0.00759493,0
0.5,0.0075,0.0875,0.0105,0.168524,-0.0220414,0
0.5,0.0125,0.0875,0.0105,0.146969,-0.0343302,0
0.5,0.0175,0.0875,0.0105,0.117301,-0.0432586,0
0.5,0.0225,0.0875,0.0105,0.0824247,-0.0479525,0
0.5,0.0275,0.0875,0.0105,0.0457531,-0.0479525,0
0.5,0.0325,0.0875,0.0105,0.0108763,-0.0432586,0
0.5,0.0375,0.0875,0.0105,-0.0187916,-0.0343302,0
0.5,0.0425,0.0875,0.0105,-0.0403466,-0.0220414,0
0.5,0.0475,0.0875,0.0105,-0.0516787,-0.00759493,0
0.5,0.0525,0.0875,0.0105,-0.0516787,0.00759493,0
0.5,0.0575,0.0875,0.0105,-0.0403466,0.0220414,0
0.5,0.0625,0.0875,0.0105,-0.0187916,0.0343302,0
0.5,0.0675,0.0875,0.0105,0.0108763,0.0432586,0
0.5,0.0725,0.0875,0.0105,0.0457531,0.0479525,0
0.5,0.0775,0.0875,0.0105,0.0824247,0.0479525,0
0.5,0.0825,0.0875,0.0105,0.117301,0.0432586,0
0.5,0.0875,0.0875,0.0105,0.146969,0.0343302,0
0.5,0.0925,0.0875,0.0105,0.168524,0.0220414,0
0.5,0.0975,0.0875,0.0105,0.179856,0.00759493,0
0.5,0.0025,0.0925,0.0105,0.281865,-0.00282628,0
0.5,0.0075,0.0925,0.0105,0.274589,-0.00820218,0
0.5,0.0125,0.0925,0.0105,0.26075,-0.0127752,0
0.5,0.0175,0.0925,0.0105,0.241702,-0.0160977,0
0.5,0.0225,0.0925,0.0105,0.21931,-0.0178444,0
0.5,0.0275,0.0925,0.0105,0.195765,-0.0178444,0
0.5,0.0325,0.0925,0.0105,0.173373,-0.0160977,0
0.5,0.0375,0.0925,0.0105,0.154325,-0.0127752,0
0.5,0.0425,0.0925,0.0105,0.140486,-0.00820218,0
0.5,0.0475,0.0925,0.0105,0.13321,-0.00282628,0
0.5,0.0525,0.0925,0.0105,0.13321,0.00282628,0
0.5,0.0575,0.0925,0.0105,0.140486,0.00820218,0
0.5,0.0625,0.0925,0.0105,0.154325,0.0127752,0
0.5,0.0675,0.0925,0.0105,0.173373,0.0160977,0
0.5,0.0725,0.0925,0.0105,0.195765,0.0178444,0
0.5,0.0775,0.0925,0.0105,0.21931,0.0178444,0
0.5,0.0825,0.0925,0.0105,0.241702,0.0160977,0
0.5,0.0875,0.0925,0.0105,0.26075,0.0127752,0
0.5,0.0925,0.0925,0.0105,0.274589,0.00820218,0
0.5,0.0975,0.0925,0.0105,0.281865,0.00282628,0
0.5,0.0025,0.0975,0.0105,0.430574,-0.00031925,0
0.5,0.0075,0.0975,0.0105,0.428067,-0.0009265,0
0.5,0.0125,0.0975,0.0105,0.423298,-0.00144306,0
0.5,0.0175,0.0975,0.0105,0.416734,-0.00181836,0
0.5,0.0225,0.0975,0.0105,0.409019,-0.00201567,0
0.5,0.0275,0.0975,0.0105,0.400906,-0.00201567,0
0.5,0.0325,0.0975,0.0105,0.39319,-0.00181836,0
0.5,0.0375,0.0975,0.0105,0.386626,-0.00144306,0
0.5,0.0425,0.0975,0.0105,0.381858,-0.0009265,0
0.5,0.0475,0.0975,0.0105,0.379351,-0.00031925,0
0.5,0.0525,0.0975,0.0105,0.379351,0.00031925,0
0.5,0.0575,0.0975,0.0105,0.381858,0.0009265,0
0.5,0.0625,0.0975,0.0105,0.386626,0.00144306,0
0.5,0.0675,0.0975,0.0105,0.39319,0.00181836,0
0.5,0.0725,0.0975,0.0105,0.400906,0.00201567,0
0.5,0.0775,0.0975,0.0105,0.409019,0.00201567,0
0.5,0.0825,0.0975,0.0105,0.416734,0.00181836,0
0.5,0.0875,0.0975,0.0105,0.423298,0.00144306,0
0.5,0.0925,0.0975,0.0105,0.428067,0.0009265,0
0.5,0.0975,0.0975,0.0105,0.430574,0.00031925,0
1,0.0025,0.0025,0.0105,0.000470053,-0.000470053,0
1,0.0075,0.0025,0.0105,0.00416132,-0.00136415,0
1,0.0125,0.0025,0.0105,0.0111825,-0.00212471,0
1,0.0175,0.0025,0.0105,0.0208464,-0.00267729,0
1,0.0225,0.0025,0.0105,0.0322069,-0.0029678,0
1,0.0275,0.0025,0.0105,0.0441521,-0.0029678,0
1,0.0325,0.0025,0.0105,0.0555127,-0.00267729,0
1,0.0375,0.0025,0.0105,0.0651765,-0.00212471,0
1,0.0425,0.0025,0.0105,0.0721977,-0.00136415,0
1,0.0475,0.0025,0.0105,0.075889,-0.000470053,0
1,0.0525,0.0025,0.0105,0.075889,0.000470053,0
1,0.0575,0.0025,0.0105,0.0721977,0.00136415,0
1,0.0625,0.0025,0.0105,0.0651765,0.00212471,0
1,0.0675,0.0025,0.0105,0.0555127,0.00267729,0
1,0.0725,0.0025,0.0105,0.0441521,0.0029678,0
1,0.0775,0.0025,0.0105,0.0322069,0.0029678,0
1,0.0825,0.0025,0.0105,0.0208464,0.00267729,0
1,0.0875,0.0025,0.0105,0.0111825,0.00212471,0
1,0.0925,0.0025,0.0105,0.00416132,0.00136415,0
1,0.0975,0.0025,0.0105,0.000470053,0.000470053,0
1,0.0025,0.0075,0.0105,0.00136415,-0.00416132,0
1,0.0075,0.0075,0.0105,0.0120766,-0.0120766,0
1,0.0125,0.0075,0.0105,0.032453,-0.0188098,0
1,0.0175,0.0075,0.0105,0.0604986,-0.0237017,0
1,0.0225,0.0075,0.0105,0.0934682,-0.0262735,0
1,0.0275,0.0075,0.0105,0.128134,-0.0262735,0
1,0.0325,0.0075,0.0105,0.161104,-0.0237017,0
1,0.0375,0.0075,0.0105,0.18915,-0.0188098,0
1,0.0425,0.0075,0.0105,0.209526,-0.0120766,0
1,0.0475,0.0075,0.0105,0.220238,-0.00416132,0
1,0.0525,0.0075,0.0105,0.220238,0.00416132,0
1,0.0575,0.0075,0.0105,0.209526,0.0120766,0
1,0.0625,0.0075,0.0105,0.18915,0.0188098,0
1,0.0675,0.0075,0.0105,0.161104,0.0237017,0
1,0.0725,0.0075,0.0105,0.128134,0.0262735,0
1,0.0775,0.0075,0.0105,0.0934682,0.0262735,0
1,0.0825,0.0075,0.0105,0.0604986,0.0237017,0
1,0.0875,0.0075,0.0105,0.032453,0.0188098,0
1,0.0925,0.0075,0.0105,0.0120766,0.0120766,0
1,0.0975,0.0075,0.0105,0.00136415,0.00416132,0
1,0.0025,0.0125,0.0105,0.00212476,-0.0111825,0
1,0.0075,0.0125,0.0105,0.0188098,-0.032453,0
1,0.0125,0.0125,0.0105,0.0505467,-0.0505467,0
1,0.0175,0.0125,0.0105,0.0942288,-0.0636925,0
1,0.0225,0.0125,0.0105,0.14558,-0.0706037,0
1,0.0275,0.0125,0.0105,0.199574,-0.0706037,0
1,0.0325,0.0125,0.0105,0.250925,-0.0636925,0
1,0.0375,0.0125,0.0105,0.294608,-0.0505467,0
1,0.0425,0.0125,0.0105,0.326344,-0.032453,0
1,0.0475,0.0125,0.0105,0.34303,-0.0111825,0
1,0.0525,0.0125,0.0105,0.34303,0.0111825,0
1,0.0575,0.0125,0.0105,0.326344,0.032453,0
1,0.0625,0.0125,0.0105,0.294608,0.0505467,0
1,0.0675,0.0125,0.0105,0.250925,0.0636925,0
1,0.0725,0.0125,0.0105,0.199574,0.0706037,0
1,0.0775,0.0125,0.0105,0.14558,0.0706037,0
1,0.0825,0.0125,0.0105,0.0942288,0.0636925,0
1,0.0875,0.0125,0.0105,0.0505467,0.0505467,0
1,0.0925,0.0125,0.0105,0.0188098,0.032453,0
1,0.0975,0.0125,0.0105,0.00212476,0.0111825,0
1,0.0025,0.0175,0.0105,0.00267797,-0.0208464,0
1,0.0075,0.0175,0.0105,0.0237024,-0.0604986,0
1,0.0125,0.0175,0.0105,0.0636932,-0.0942287,0
1,0.0175,0.0175,0.0105,0.118736,-0.118735,0
1,0.0225,0.0175,0.0105,0.183442,-0.131619,0
1,0.0275,0.0175,0.0105,0.251479,-0.131619,0
1,0.0325,0.0175,0.0105,0.316185,-0.118735,0
1,0.0375,0.0175,0.0105,0.371228,-0.0942287,0
1,0.0425,0.0175,0.0105,0.411219,-0.0604986,0
1,0.0475,0.0175,0.0105,0.432243,-0.0208464,0
1,0.0525,0.0175,0.0105,0.432243,0.0208464,0
1,0.0575,0.0175,0.0105,0.411219,0.0604986,0
1,0.0625,0.0175,0.0105,0.371228,0.0942287,0
1,0.0675,0.0175,0.0105,0.316185,0.118735,0
1,0.0725,0.0175,0.0105,0.251479,0.131619,0
1,0.0775,0.0175,0.0105,0.183442,0.131619,0
1,0.0825,0.0175,0.0105,0.118736,0.118735,0
1,0.0875,0.0175,0.0105,0.0636932,0.0942287,0
1,0.0925,0.0175,0.0105,0.0237024,0.0604986,0
1,0.0975,0.0175,0.0105,0.00267797,0.0208464,0
1,0.0025,0.0225,0.0105,0.0029729,-0.0322069,0
1,0.0075,0.0225,0.0105,0.0262786,-0.0934682,0
1,0.0125,0.0225,0.0105,0.0706088,-0.14558,0
1,0.0175,0.0225,0.0105,0.131624,-0.183442,0
1,0.0225,0.0225,0.0105,0.203352,-0.203347,0
1,0.0275,0.0225,0.0105,0.278771,-0.203347,0
1,0.0325,0.0225,0.0105,0.350498,-0.183442,0
1,0.0375,0.0225,0.0105,0.411514,-0.14558,0
1,0.0425,0.0225,0.0105,0.455844,-0.0934682,0
1,0.0475,0.0225,0.0105,0.479149,-0.0322069,0
1,0.0525,0.0225,0.0105,0.479149,0.0322069,0
1,0.0575,0.0225,0.0105,0.455844,0.0934682,0
1,0.0625,0.0225,0.0105,0.411514,0.14558,0
1,0.0675,0.0225,0.0105,0.350498,0.183442,0
1,0.0725,0.0225,0.0105,0.278771,0.203347,0
1,0.0775,0.0225,0.0105,0.203352,0.203347,0
1,0.0825,0.0225,0.0105,0.131624,0.183442,0
1,0.0875,0.0225,0.0105,0.0706088,0.14558,0
1,0.0925,0.0225,0.0105,0.0262786,0.0934682,0
1,0.0975,0.0225,0.0105,0.0029729,0.0322069,0
1,0.0025,0.0275,0.0105,0.00299321,-0.0441521,0
1,0.0075,0.0275,0.0105,0.0262989,-0.128134,0
1,0.0125,0.0275,0.0105,0.0706291,-0.199574,0
1,0.0175,0.0275,0.0105,0.131644,-0.251478,0
1,0.0225,0.0275,0.0105,0.203372,-0.278766,0
1,0.0275,0.0275,0.0105,0.278791,-0.278766,0
1,0.0325,0.0275,0.0105,0.350519,-0.251478,0
1,0.0375,0.0275,0.0105,0.411534,-0.199574,0
1,0.0425,0.0275,0.0105,0.455864,-0.128134,0
1,0.0475,0.0275,0.0105,0.47917,-0.0441521,0
1,0.0525,0.0275,0.0105,0.47917,0.0441521,0
1,0.0575,0.0275,0.0105,0.455864,0.128134,0
1,0.0625,0.0275,0.0105,0.411534,0.199574,0
1,0.0675,0.0275,0.0105,0.350519,0.251478,0
1,0.0725,0.0275,0.0105,0.278791,0.278766,0
1,0.0775,0.0275,0.0105,0.203372,0.278766,0
1,0.0825,0.0275,0.0105,0.131644,0.251478,0
1,0.0875,0.0275,0.0105,0.0706291,0.199574,0
1,0.0925,0.0275,0.0105,0.0262989,0.128134,0
1,0.0975,0.0275,0.0105,0.00299321,0.0441521,0
1,0.0025,0.0325,0.0105,0.00277399,-0.0555127,0
1,0.0075,0.0325,0.0105,0.0237984,-0.161104,0
1,0.0125,0.0325,0.0105,0.0637892,-0.250925,0
1,0.0175,0.0325,0.0105,0.118832,-0.316185,0
1,0.0225,0.0325,0.0105,0.183538,-0.350493,0
1,0.0275,0.0325,0.0105,0.251575,-0.350493,0
1,0.0325,0.0325,0.0105,0.316281,-0.316185,0
1,0.0375,0.0325,0.0105,0.371324,-0.250925,0
1,0.0425,0.0325,0.0105,0.411315,-0.161104,0
1,0.0475,0.0325,0.0105,0.432339,-0.0555127,0
1,0.0525,0.0325,0.0105,0.432339,0.0555127,0
1,0.0575,0.0325,0.0105,0.411315,0.161104,0
1,0.0625,0.0325,0.0105,0.371324,0.250925,0
1,0.0675,0.0325,0.0105,0.316281,0.316185,0
1,0.0725,0.0325,0.0105,0.251575,0.350493,0
1,0.0775,0.0325,0.0105,0.183538,0.350493,0
1,0.0825,0.0325,0.0105,0.118832,0.316185,0
1,0.0875,0.0325,0.0105,0.0637892,0.250925,0
1,0.0925,0.0325,0.0105,0.0237984,0.161104,0
1,0.0975,0.0325,0.0105,0.00277399,0.0555127,0
1,0.0025,0.0375,0.0105,0.00242852,-0.0651765,0
1,0.0075,0.0375,0.0105,0.0191136,-0.18915,0
1,0.0125,0.0375,0.0105,0.0508505,-0.294608,0
1,0.0175,0.0375,0.0105,0.0945325,-0.371227,0
1,0.0225,0.0375,0.0105,0.145884,-0.411508,0
1,0.0275,0.0375,0.0105,0.199878,-0.411508,0
1,0.0325,0.0375,0.0105,0.251229,-0.371227,0
1,0.0375,0.0375,0.0105,0.294911,-0.294608,0
1,0.0425,0.0375,0.0105,0.326648,-0.18915,0
1,0.0475,0.0375,0.0105,0.343333,-0.0651765,0
1,0.0525,0.0375,0.0105,0.343333,0.0651765,0
1,0.0575,0.0375,0.0105,0.326648,0.18915,0
1,0.0625,0.0375,0.0105,0.294911,0.294608,0
1,0.0675,0.0375,0.0105,0.251229,0.371227,0
1,0.0725,0.0375,0.0105,0.199878,0.411508,0
1,0.0775,0.0375,0.0105,0.145884,0.411508,0
1,0.0825,0.0375,0.0105,0.0945325,0.371227,0
1,0.0875,0.0375,0.0105,0.0508505,0.294608,0
1,0.0925,0.0375,0.0105,0.0191136,0.18915,0
1,0.0975,0.0375,0.0105,0.00242852,0.0651765,0
1,0.0025,0.0425,0.0105,0.00219106,-0.0721977,0
1,0.0075,0.0425,0.0105,0.0129035,-0.209526,0
1,0.0125,0.0425,0.0105,0.0332799,-0.326344,0
1,0.0175,0.0425,0.0105,0.0613255,-0.411218,0
1,0.0225,0.0425,0.0105,0.0942951,-0.455839,0
1,0.0275,0.0425,0.0105,0.128961,-0.455839,0
1,0.0325,0.0425,0.0105,0.161931,-0.411218,0
1,0.0375,0.0425,0.0105,0.189977,-0.326344,0
1,0.0425,0.0425,0.0105,0.210353,-0.209526,0
1,0.0475,0.0425,0.0105,0.221065,-0.0721977,0
1,0.0525,0.0425,0.0105,0.221065,0.0721977,0
1,0.0575,0.0425,0.0105,0.210353,0.209526,0
1,0.0625,0.0425,0.0105,0.189977,0.326344,0
1,0.0675,0.0425,0.0105,0.161931,0.411218,0
1,0.0725,0.0425,0.0105,0.128961,0.455839,0
1,0.0775,0.0425,0.0105,0.0942951,0.455839,0
1,0.0825,0.0425,0.0105,0.0613255,0.411218,0
1,0.0875,0.0425,0.0105,0.0332799,0.326344,0
1,0.0925,0.0425,0.0105,0.0129035,0.209526,0
1,0.0975,0.0425,0.0105,0.00219106,0.0721977,0
1,0.0025,0.0475,0.0105,0.0024833,-0.075889,0
1,0.0075,0.0475,0.0105,0.00617457,-0.220238,0
1,0.0125,0.0475,0.0105,0.0131958,-0.343029,0
1,0.0175,0.0475,0.0105,0.0228596,-0.432242,0
1,0.0225,0.0475,0.0105,0.0342202,-0.479144,0
1,0.0275,0.0475,0.0105,0.0461654,-0.479144,0
1,0.0325,0.0475,0.0105,0.0575259,-0.432242,0
1,0.0375,0.0475,0.0105,0.0671898,-0.343029,0
1,0.0425,0.0475,0.0105,0.074211,-0.220238,0
1,0.0475,0.0475,0.0105,0.0779023,-0.075889,0
1,0.0525,0.0475,0.0105,0.0779023,0.075889,0
1,0.0575,0.0475,0.0105,0.074211,0.220238,0
1,0.0625,0.0475,0.0105,0.0671898,0.343029,0
1,0.0675,0.0475,0.0105,0.0575259,0.432242,0
1,0.0725,0.0475,0.0105,0.0461654,0.479144,0
1,0.0775,0.0475,0.0105,0.0342202,0.479144,0
1,0.0825,0.0475,0.0105,0.0228596,0.432242,0
1,0.0875,0.0475,0.0105,0.0131958,0.343029,0
1,0.0925,0.0475,0.0105,0.00617457,0.220238,0
1,0.0975,0.0475,0.0105,0.0024833,0.075889,0
1,0.0025,0.0525,0.0105,0.0040135,-0.075889,0
1,0.0075,0.0525,0.0105,0.000322237,-0.220238,0
1,0.0125,0.0525,0.0105,-0.00669897,-0.343029,0
1,0.0175,0.0525,0.0105,-0.0163628,-0.432242,0
1,0.0225,0.0525,0.0105,-0.0277234,-0.479144,0
1,0.0275,0.0525,0.0105,-0.0396686,-0.479144,0
1,0.0325,0.0525,0.0105,-0.0510291,-0.432242,0
1,0.0375,0.0525,0.0105,-0.060693,-0.343029,0
1,0.0425,0.0525,0.0105,-0.0677142,-0.220238,0
1,0.0475,0.0525,0.0105,-0.0714054,-0.075889,0
1,0.0525,0.0525,0.0105,-0.0714054,0.075889,0
1,0.0575,0.0525,0.0105,-0.0677142,0.220238,0
1,0.0625,0.0525,0.0105,-0.060693,0.343029,0
1,0.0675,0.0525,0.0105,-0.0510291,0.432242,0
1,0.0725,0.0525,0.0105,-0.0396686,0.479144,0
1,0.0775,0.0525,0.0105,-0.0277234,0.479144,0
1,0.0825,0.0525,0.0105,-0.0163628,0.432242,0
1,0.0875,0.0525,0.0105,-0.00669897,0.343029,0
1,0.0925,0.0525,0.0105,0.000322237,0.220238,0
1,0.0975,0.0525,0.0105,0.0040135,0.075889,0
1,0.0025,0.0575,0.0105,0.00791891,-0.0721977,0
1,0.0075,0.0575,0.0105,-0.00279356,-0.209526,0
1,0.0125,0.0575,0.0105,-0.0231699,-0.326344,0
1,0.0175,0.0575,0.0105,-0.0512155,-0.411218,0
1,0.0225,0.0575,0.0105,-0.0841851,-0.455839,0
1,0.0275,0.0575,0.0105,-0.118851,-0.455839,0
1,0.0325,0.0575,0.0105,-0.151821,-0.411218,0
1,0.0375,0.0575,0.0105,-0.179867,-0.326344,0
1,0.0425,0.0575,0.0105,-0.200243,-0.209526,0
1,0.0475,0.0575,0.0105,-0.210955,-0.0721977,0
1,0.0525,0.0575,0.0105,-0.210955,0.0721977,0
1,0.0575,0.0575,0.0105,-0.200243,0.209526,0
1,0.0625,0.0575,0.0105,-0.179867,0.326344,0
1,0.0675,0.0575,0.0105,-0.151821,0.411218,0
1,0.0725,0.0575,0.0105,-0.118851,0.455839,0
1,0.0775,0.0575,0.0105,-0.0841851,0.455839,0
1,0.0825,0.0575,0.0105,-0.0512155,0.411218,0
1,0.0875,0.0575,0.0105,-0.0231699,0.326344,0
1,0.0925,0.0575,0.0105,-0.00279356,0.209526,0
1,0.0975,0.0575,0.0105,0.00791891,0.0721977,0
1,0.0025,0.0625,0.0105,0.0159632,-0.0651765,0
1,0.0075,0.0625,0.0105,-0.000721866,-0.18915,0
1,0.0125,0.0625,0.0105,-0.0324587,-0.294608,0
1,0.0175,0.0625,0.0105,-0.0761408,-0.371227,0
1,0.0225,0.0625,0.0105,-0.127492,-0.411508,0
1,0.0275,0.0625,0.0105,-0.181486,-0.411508,0
1,0.0325,0.0625,0.0105,-0.232838,-0.371227,0
1,0.0375,0.0625,0.0105,-0.27652,-0.294608,0
1,0.0425,0.0625,0.0105,-0.308256,-0.18915,0
1,0.0475,0.0625,0.0105,-0.324942,-0.0651765,0
1,0.0525,0.0625,0.0105,-0.324942,0.0651765,0
1,0.0575,0.0625,0.0105,-0.308256,0.18915,0
1,0.0625,0.0625,0.0105,-0.27652,0.294608,0
1,0.0675,0.0625,0.0105,-0.232838,0.371227,0
1,0.0725,0.0625,0.0105,-0.181486,0.411508,0
1,0.0775,0.0625,0.0105,-0.127492,0.411508,0
1,0.0825,0.0625,0.0105,-0.0761408,0.371227,0
1,0.0875,0.0625,0.0105,-0.0324587,0.294608,0
1,0.0925,0.0625,0.0105,-0.000721866,0.18915,0
1,0.0975,0.0625,0.0105,0.0159632,0.0651765,0
1,0.0025,0.0675,0.0105,0.0308022,-0.0555127,0
1,0.0075,0.0675,0.0105,0.00977776,-0.161104,0
1,0.0125,0.0675,0.0105,-0.030213,-0.250925,0
1,0.0175,0.0675,0.0105,-0.0852557,-0.316185,0
1,0.0225,0.0675,0.0105,-0.149962,-0.350493,0
1,0.0275,0.0675,0.0105,-0.217999,-0.350493,0
1,0.0325,0.0675,0.0105,-0.282705,-0.316185,0
1,0.0375,0.0675,0.0105,-0.337748,-0.250925,0
1,0.0425,0.0675,0.0105,-0.377738,-0.161104,0
1,0.0475,0.0675,0.0105,-0.398763,-0.0555127,0
1,0.0525,0.0675,0.0105,-0.398763,0.0555127,0
1,0.0575,0.0675,0.0105,-0.377738,0.161104,0
1,0.0625,0.0675,0.0105,-0.337748,0.250925,0
1,0.0675,0.0675,0.0105,-0.282705,0.316185,0
1,0.0725,0.0675,0.0105,-0.217999,0.350493,0
1,0.0775,0.0675,0.0105,-0.149962,0.350493,0
1,0.0825,0.0675,0.0105,-0.0852557,0.316185,0
1,0.0875,0.0675,0.0105,-0.030213,0.250925,0
1,0.0925,0.0675,0.0105,0.00977776,0.161104,0
1,0.0975,0.0675,0.0105,0.0308022,0.0555127,0
1,0.0025,0.0725,0.0105,0.0563319,-0.0441521,0
1,0.0075,0.0725,0.0105,0.0330261,-0.128134,0
1,0.0125,0.0725,0.0105,-0.011304,-0.199574,0
1,0.0175,0.0725,0.0105,-0.0723192,-0.251478,0
1,0.0225,0.0725,0.0105,-0.144047,-0.278766,0
1,0.0275,0.0725,0.0105,-0.219466,-0.278766,0
1,0.0325,0.0725,0.0105,-0.291194,-0.251478,0
1,0.0375,0.0725,0.0105,-0.352209,-0.199574,0
1,0.0425,0.0725,0.0105,-0.396539,-0.128134,0
1,0.0475,0.0725,0.0105,-0.419845,-0.0441521,0
1,0.0525,0.0725,0.0105,-0.419845,0.0441521,0
1,0.0575,0.0725,0.0105,-0.396539,0.128134,0
1,0.0625,0.0725,0.0105,-0.352209,0.199574,0
1,0.0675,0.0725,0.0105,-0.291194,0.251478,0
1,0.0725,0.0725,0.0105,-0.219466,0.278766,0
1,0.0775,0.0725,0.0105,-0.144047,0.278766,0
1,0.0825,0.0725,0.0105,-0.0723192,0.251478,0
1,0.0875,0.0725,0.0105,-0.011304,0.199574,0
1,0.0925,0.0725,0.0105,0.0330261,0.128134,0
1,0.0975,0.0725,0.0105,0.0563319,0.0441521,0
1,0.0025,0.0775,0.0105,0.0981347,-0.0322069,0
1,0.0075,0.0775,0.0105,0.074829,-0.0934682,0
1,0.0125,0.0775,0.0105,0.0304988,-0.14558,0
1,0.0175,0.0775,0.0105,-0.0305164,-0.183442,0
1,0.0225,0.0775,0.0105,-0.102244,-0.203347,0
1,0.0275,0.0775,0.0105,-0.177663,-0.203347,0
1,0.0325,0.0775,0.0105,-0.249391,-0.183442,0
1,0.0375,0.0775,0.0105,-0.310406,-0.14558,0
1,0.0425,0.0775,0.0105,-0.354736,-0.0934682,0
1,0.0475,0.0775,0.0105,-0.378042,-0.0322069,0
1,0.0525,0.0775,0.0105,-0.378042,0.0322069,0
1,0.0575,0.0775,0.0105,-0.354736,0.0934682,0
1,0.0625,0.0775,0.0105,-0.310406,0.14558,0
1,0.0675,0.0775,0.0105,-0.249391,0.183442,0
1,0.0725,0.0775,0.0105,-0.177663,0.203347,0
1,0.0775,0.0775,0.0105,-0.102244,0.203347,0
1,0.0825,0.0775,0.0105,-0.0305164,0.183442,0
1,0.0875,0.0775,0.0105,0.0304988,0.14558,0
1,0.0925,0.0775,0.0105,0.074829,0.0934682,0
1,0.0975,0.0775,0.0105,0.0981347,0.0322069,0
1,0.0025,0.0825,0.0105,0.16404,-0.0208464,0
1,0.0075,0.0825,0.0105,0.143015,-0.0604986,0
1,0.0125,0.0825,0.0105,0.103024,-0.0942287,0
1,0.0175,0.0825,0.0105,0.0479819,-0.118735,0
1,0.0225,0.0825,0.0105,-0.0167246,-0.131619,0
1,0.0275,0.0825,0.0105,-0.084761,-0.131619,0
1,0.0325,0.0825,0.0105,-0.149468,-0.118735,0
1,0.0375,0.0825,0.0105,-0.20451,-0.0942287,0
1,0.0425,0.0825,0.0105,-0.244501,-0.0604986,0
1,0.0475,0.0825,0.0105,-0.265525,-0.0208464,0
1,0.0525,0.0825,0.0105,-0.265525,0.0208464,0
1,0.0575,0.0825,0.0105,-0.244501,0.0604986,0
1,0.0625,0.0825,0.0105,-0.20451,0.0942287,0
1,0.0675,0.0825,0.0105,-0.149468,0.118735,0
1,0.0725,0.0825,0.0105,-0.084761,0.131619,0
1,0.0775,0.0825,0.0105,-0.0167246,0.131619,0
1,0.0825,0.0825,0.0105,0.0479819,0.118735,0
1,0.0875,0.0825,0.0105,0.103024,0.0942287,0
1,0.0925,0.0825,0.0105,0.143015,0.0604986,0
1,0.0975,0.0825,0.0105,0.16404,0.0208464,0
1,0.0025,0.0875,0.0105,0.264815,-0.0111825,0
1,0.0075,0.0875,0.0105,0.24813,-0.032453,0
1,0.0125,0.0875,0.0105,0.216393,-0.0505467,0
1,0.0175,0.0875,0.0105,0.172711,-0.0636925,0
1,0.0225,0.0875,0.0105,0.121359,-0.0706037,0
1,0.0275,0.0875,0.0105,0.0673653,-0.0706037,0
1,0.0325,0.0875,0.0105,0.016014,-0.0636925,0
1,0.0375,0.0875,0.0105,-0.0276681,-0.0505467,0
1,0.0425,0.0875,0.0105,-0.059405,-0.032453,0
1,0.0475,0.0875,0.0105,-0.0760901,-0.0111825,0
1,0.0525,0.0875,0.0105,-0.0760901,0.0111825,0
1,0.0575,0.0875,0.0105,-0.059405,0.032453,0
1,0.0625,0.0875,0.0105,-0.0276681,0.0505467,0
1,0.0675,0.0875,0.0105,0.016014,0.0636925,0
1,0.0725,0.0875,0.0105,0.0673653,0.0706037,0
1,0.0775,0.0875,0.0105,0.121359,0.0706037,0
1,0.0825,0.0875,0.0105,0.172711,0.0636925,0
1,0.0875,0.0875,0.0105,0.216393,0.0505467,0
1,0.0925,0.0875,0.0105,0.24813,0.032453,0
1,0.0975,0.0875,0.0105,0.264815,0.0111825,0
1,0.0025,0.0925,0.0105,0.415008,-0.00416132,0
1,0.0075,0.0925,0.0105,0.404296,-0.0120766,0
1,0.0125,0.0925,0.0105,0.38392,-0.0188098,0
1,0.0175,0.0925,0.0105,0.355874,-0.0237017,0
1,0.0225,0.0925,0.0105,0.322904,-0.0262735,0
1,0.0275,0.0925,0.0105,0.288238,-0.0262735,0
1,0.0325,0.0925,0.0105,0.255269,-0.0237017,0
1,0.0375,0.0925,0.0105,0.227223,-0.0188098,0
1,0.0425,0.0925,0.0105,0.206847,-0.0120766,0
1,0.0475,0.0925,0.0105,0.196134,-0.00416132,0
1,0.0525,0.0925,0.0105,0.196134,0.00416132,0
1,0.0575,0.0925,0.0105,0.206847,0.0120766,0
1,0.0625,0.0925,0.0105,0.227223,0.0188098,0
1,0.0675,0.0925,0.0105,0.255269,0.0237017,0
1,0.0725,0.0925,0.0105,0.288238,0.0262735,0
1,0.0775,0.0925,0.0105,0.322904,0.0262735,0
1,0.0825,0.0925,0.0105,0.355874,0.0237017,0
1,0.0875,0.0925,0.0105,0.38392,0.0188098,0
1,0.0925,0.0925,0.0105,0.404296,0.0120766,0
1,0.0975,0.0925,0.0105,0.415008,0.00416132,0
1,0.0025,0.0975,0.0105,0.633962,-0.000470053,0
1,0.0075,0.0975,0.0105,0.630271,-0.00136415,0
1,0.0125,0.0975,0.0105,0.62325,-0.00212471,0
1,0.0175,0.0975,0.0105,0.613586,-0.00267729,0
1,0.0225,0.0975,0.0105,0.602225,-0.0029678,0
1,0.0275,0.0975,0.0105,0.59028,-0.0029678,0
1,0.0325,0.0975,0.0105,0.578919,-0.00267729,0
1,0.0375,0.0975,0.0105,0.569256,-0.00212471,0
1,0.0425,0.0975,0.0105,0.562234,-0.00136415,0
1,0.0475,0.0975,0.0105,0.558543,-0.000470053,0
1,0.0525,0.0975,0.0105,0.558543,0.000470053,0
1,0.0575,0.0975,0.0105,0.562234,0.00136415,0
1,0.0625,0.0975,0.0105,0.569256,0.00212471,0
1,0.0675,0.0975,0.0105,0.578919,0.00267729,0
1,0.0725,0.0975,0.0105,0.59028,0.0029678,0
1,0.0775,0.0975,0.0105,0.602225,0.0029678,0
1,0.0825,0.0975,0.0105,0.613586,0.00267729,0
1,0.0875,0.0975,0.0105,0.62325,0.00212471,0
1,0.0925,0.0975,0.0105,0.630271,0.00136415,0
1,0.0975,0.0975,0.0105,0.633962,0.000470053,0
1.5,0.0025,0.0025,0.0105,0.000541288,-0.000541288,0
1.5,0.0075,0.0025,0.0105,0.00479195,-0.00157088,0
1.5,0.0125,0.0025,0.0105,0.0128772,-0.0024467,0
1.5,0.0175,0.0025,0.0105,0.0240056,-0.00308302,0
1.5,0.0225,0.0025,0.0105,0.0370877,-0.00341756,0
1.5,0.0275,0.0025,0.0105,0.0508432,-0.00341756,0
1.5,0.0325,0.0025,0.0105,0.0639254,-0.00308302,0
1.5,0.0375,0.0025,0.0105,0.0750537,-0.0024467,0
1.5,0.0425,0.0025,0.0105,0.083139,-0.00157088,0
1.5,0.0475,0.0025,0.0105,0.0873896,-0.000541288,0
1.5,0.0525,0.0025,0.0105,0.0873896,0.000541288,0
1.5,0.0575,0.0025,0.0105,0.083139,0.00157088,0
1.5,0.0625,0.0025,0.0105,0.0750537,0.0024467,0
1.5,0.0675,0.0025,0.0105,0.0639254,0.00308302,0
1.5,0.0725,0.0025,0.0105,0.0508432,0.00341756,0
1.5,0.0775,0.0025,0.0105,0.0370877,0.00341756,0
1.5,0.0825,0.0025,0.0105,0.0240056,0.00308302,0
1.5,0.0875,0.0025,0.0105,0.0128772,0.0024467,0
1.5,0.0925,0.0025,0.0105,0.00479195,0.00157088,0
1.5,0.0975,0.0025,0.0105,0.000541288,0.000541288,0
1.5,0.0025,0.0075,0.0105,0.00157088,-0.00479195,0
1.5,0.0075,0.0075,0.0105,0.0139068,-0.0139068,0
1.5,0.0125,0.0075,0.0105,0.037371,-0.0216603,0
1.5,0.0175,0.0075,0.0105,0.0696668,-0.0272936,0
1.5,0.0225,0.0075,0.0105,0.107633,-0.0302552,0
1.5,0.0275,0.0075,0.0105,0.147553,-0.0302552,0
1.5,0.0325,0.0075,0.0105,0.185519,-0.0272936,0
1.5,0.0375,0.0075,0.0105,0.217814,-0.0216603,0
1.5,0.0425,0.0075,0.0105,0.241279,-0.0139068,0
1.5,0.0475,0.0075,0.0105,0.253615,-0.00479195,0
1.5,0.0525,0.0075,0.0105,0.253615,0.00479195,0
1.5,0.0575,0.0075,0.0105,0.241279,0.0139068,0
1.5,0.0625,0.0075,0.0105,0.217814,0.0216603,0
1.5,0.0675,0.0075,0.0105,0.185519,0.0272936,0
1.5,0.0725,0.0075,0.0105,0.147553,0.0302552,0
1.5,0.0775,0.0075,0.0105,0.107633,0.0302552,0
1.5,0.0825,0.0075,0.0105,0.0696668,0.0272936,0
1.5,0.0875,0.0075,0.0105,0.037371,0.0216603,0
1.5,0.0925,0.0075,0.0105,0.0139068,0.0139068,0
1.5,0.0975,0.0075,0.0105,0.00157088,0.00479195,0
1.5,0.0025,0.0125,0.0105,0.00244675,-0.0128772,0
1.5,0.0075,0.0125,0.0105,0.0216604,-0.037371,0
1.5,0.0125,0.0125,0.0105,0.0582068,-0.0582068,0
1.5,0.0175,0.0125,0.0105,0.108509,-0.0733448,0
1.5,0.0225,0.0125,0.0105,0.167642,-0.0813033,0
1.5,0.0275,0.0125,0.0105,0.229819,-0.0813033,0
1.5,0.0325,0.0125,0.0105,0.288952,-0.0733448,0
1.5,0.0375,0.0125,0.0105,0.339254,-0.0582068,0
1.5,0.0425,0.0125,0.0105,0.3758,-0.037371,0
1.5,0.0475,0.0125,0.0105,0.395014,-0.0128772,0
1.5,0.0525,0.0125,0.0105,0.395014,0.0128772,0
1.5,0.0575,0.0125,0.0105,0.3758,0.037371,0
1.5,0.0625,0.0125,0.0105,0.339254,0.0582068,0
1.5,0.0675,0.0125,0.0105,0.288952,0.0733448,0
1.5,0.0725,0.0125,0.0105,0.229819,0.0813033,0
1.5,0.0775,0.0125,0.0105,0.167642,0.0813033,0
1.5,0.0825,0.0125,0.0105,0.108509,0.0733448,0
1.5,0.0875,0.0125,0.0105,0.0582068,0.0582068,0
1.5,0.0925,0.0125,0.0105,0.0216604,0.037371,0
1.5,0.0975,0.0125,0.0105,0.00244675,0.0128772,0
1.5,0.0025,0.0175,0.0105,0.00308381,-0.0240056,0
1.5,0.0075,0.0175,0.0105,0.0272944,-0.0696668,0
1.5,0.0125,0.0175,0.0105,0.0733456,-0.108509,0
1.5,0.0175,0.0175,0.0105,0.13673,-0.136729,0
1.5,0.0225,0.0175,0.0105,0.211242,-0.151565,0
1.5,0.0275,0.0175,0.0105,0.289589,-0.151565,0
1.5,0.0325,0.0175,0.0105,0.364102,-0.136729,0
1.5,0.0375,0.0175,0.0105,0.427486,-0.108509,0
1.5,0.0425,0.0175,0.0105,0.473537,-0.0696668,0
1.5,0.0475,0.0175,0.0105,0.497747,-0.0240056,0
1.5,0.0525,0.0175,0.0105,0.497747,0.0240056,0
1.5,0.0575,0.0175,0.0105,0.473537,0.0696668,0
1.5,0.0625,0.0175,0.0105,0.427486,0.108509,0
1.5,0.0675,0.0175,0.0105,0.364102,0.136729,0
1.5,0.0725,0.0175,0.0105,0.289589,0.151565,0
1.5,0.0775,0.0175,0.0105,0.211242,0.151565,0
1.5,0.0825,0.0175,0.0105,0.13673,0.136729,0
1.5,0.0875,0.0175,0.0105,0.0733456,0.108509,0
1.5,0.0925,0.0175,0.0105,0.0272944,0.0696668,0
1.5,0.0975,0.0175,0.0105,0.00308381,0.0240056,0
1.5,0.0025,0.0225,0.0105,0.00342343,-0.0370877,0
1.5,0.0075,0.0225,0.0105,0.030261,-0.107633,0
1.5,0.0125,0.0225,0.0105,0.0813092,-0.167642,0
1.5,0.0175,0.0225,0.0105,0.151571,-0.211241,0
1.5,0.0225,0.0225,0.0105,0.234169,-0.234163,0
1.5,0.0275,0.0225,0.0105,0.321017,-0.234163,0
1.5,0.0325,0.0225,0.0105,0.403615,-0.211241,0
1.5,0.0375,0.0225,0.0105,0.473876,-0.167642,0
1.5,0.0425,0.0225,0.0105,0.524925,-0.107633,0
1.5,0.0475,0.0225,0.0105,0.551762,-0.0370877,0
1.5,0.0525,0.0225,0.0105,0.551762,0.0370877,0
1.5,0.0575,0.0225,0.0105,0.524925,0.107633,0
1.5,0.0625,0.0225,0.0105,0.473876,0.167642,0
1.5,0.0675,0.0225,0.0105,0.403615,0.211241,0
1.5,0.0725,0.0225,0.0105,0.321017,0.234163,0
1.5,0.0775,0.0225,0.0105,0.234169,0.234163,0
1.5,0.0825,0.0225,0.0105,0.151571,0.211241,0
1.5,0.0875,0.0225,0.0105,0.0813092,0.167642,0
1.5,0.0925,0.0225,0.0105,0.030261,0.107633,0
1.5,0.0975,0.0225,0.0105,0.00342343,0.0370877,0
1.5,0.0025,0.0275,0.0105,0.00344682,-0.0508432,0
1.5,0.0075,0.0275,0.0105,0.0302844,-0.147553,0
1.5,0.0125,0.0275,0.0105,0.0813326,-0.229819,0
1.5,0.0175,0.0275,0.0105,0.151594,-0.289588,0
1.5,0.0225,0.0275,0.0105,0.234192,-0.321011,0
1.5,0.0275,0.0275,0.0105,0.32104,-0.321011,0
1.5,0.0325,0.0275,0.0105,0.403638,-0.289588,0
1.5,0.0375,0.0275,0.0105,0.4739,-0.229819,0
1.5,0.0425,0.0275,0.0105,0.524948,-0.147553,0
1.5,0.0475,0.0275,0.0105,0.551786,-0.0508432,0
1.5,0.0525,0.0275,0.0105,0.551786,0.0508432,0
1.5,0.0575,0.0275,0.0105,0.524948,0.147553,0
1.5,0.0625,0.0275,0.0105,0.4739,0.229819,0
1.5,0.0675,0.0275,0.0105,0.403638,0.289588,0
1.5,0.0725,0.0275,0.0105,0.32104,0.321011,0
1.5,0.0775,0.0275,0.0105,0.234192,0.321011,0
1.5,0.0825,0.0275,0.0105,0.151594,0.289588,0
1.5,0.0875,0.0275,0.0105,0.0813326,0.229819,0
1.5,0.0925,0.0275,0.0105,0.0302844,0.147553,0
1.5,0.0975,0.0275,0.0105,0.00344682,0.0508432,0
1.5,0.0025,0.0325,0.0105,0.00319437,-0.0639254,0
1.5,0.0075,0.0325,0.0105,0.0274049,-0.185519,0
1.5,0.0125,0.0325,0.0105,0.0734562,-0.288952,0
1.5,0.0175,0.0325,0.0105,0.13684,-0.364101,0
1.5,0.0225,0.0325,0.0105,0.211353,-0.403609,0
1.5,0.0275,0.0325,0.0105,0.2897,-0.403609,0
1.5,0.0325,0.0325,0.0105,0.364212,-0.364101,0
1.5,0.0375,0.0325,0.0105,0.427596,-0.288952,0
1.5,0.0425,0.0325,0.0105,0.473647,-0.185519,0
1.5,0.0475,0.0325,0.0105,0.497858,-0.0639254,0
1.5,0.0525,0.0325,0.0105,0.497858,0.0639254,0
1.5,0.0575,0.0325,0.0105,0.473647,0.185519,0
1.5,0.0625,0.0325,0.0105,0.427596,0.288952,0
1.5,0.0675,0.0325,0.0105,0.364212,0.364101,0
1.5,0.0725,0.0325,0.0105,0.2897,0.403609,0
1.5,0.0775,0.0325,0.0105,0.211353,0.403609,0
1.5,0.0825,0.0325,0.0105,0.13684,0.364101,0
1.5,0.0875,0.0325,0.0105,0.0734562,0.288952,0
1.5,0.0925,0.0325,0.0105,0.0274049,0.185519,0
1.5,0.0975,0.0325,0.0105,0.00319437,0.0639254,0
1.5,0.0025,0.0375,0.0105,0.00279655,-0.0750537,0
1.5,0.0075,0.0375,0.0105,0.0220102,-0.217814,0
1.5,0.0125,0.0375,0.0105,0.0585566,-0.339254,0
1.5,0.0175,0.0375,0.0105,0.108858,-0.427485,0
1.5,0.0225,0.0375,0.0105,0.167992,-0.473871,0
1.5,0.0275,0.0375,0.0105,0.230168,-0.473871,0
1.5,0.0325,0.0375,0.0105,0.289302,-0.427485,0
1.5,0.0375,0.0375,0.0105,0.339604,-0.339254,0
1.5,0.0425,0.0375,0.0105,0.37615,-0.217814,0
1.5,0.0475,0.0375,0.0105,0.395364,-0.0750537,0
1.5,0.0525,0.0375,0.0105,0.395364,0.0750537,0
1.5,0.0575,0.0375,0.0105,0.37615,0.217814,0
1.5,0.0625,0.0375,0.0105,0.339604,0.339254,0
1.5,0.0675,0.0375,0.0105,0.289302,0.427485,0
1.5,0.0725,0.0375,0.0105,0.230168,0.473871,0
1.5,0.0775,0.0375,0.0105,0.167992,0.473871,0
1.5,0.0825,0.0375,0.0105,0.108858,0.427485,0
1.5,0.0875,0.0375,0.0105,0.0585566,0.339254,0
1.5,0.0925,0.0375,0.0105,0.0220102,0.217814,0
1.5,0.0975,0.0375,0.0105,0.00279655,0.0750537,0
1.5,0.0025,0.0425,0.0105,0.00252311,-0.083139,0
1.5,0.0075,0.0425,0.0105,0.014859,-0.241279,0
1.5,0.0125,0.0425,0.0105,0.0383233,-0.3758,0
1.5,0.0175,0.0425,0.0105,0.0706191,-0.473536,0
1.5,0.0225,0.0425,0.0105,0.108585,-0.524919,0
1.5,0.0275,0.0425,0.0105,0.148505,-0.524919,0
1.5,0.0325,0.0425,0.0105,0.186471,-0.473536,0
1.5,0.0375,0.0425,0.0105,0.218767,-0.3758,0
1.5,0.0425,0.0425,0.0105,0.242231,-0.241279,0
1.5,0.0475,0.0425,0.0105,0.254567,-0.083139,0
1.5,0.0525,0.0425,0.0105,0.254567,0.083139,0
1.5,0.0575,0.0425,0.0105,0.242231,0.241279,0
1.5,0.0625,0.0425,0.0105,0.218767,0.3758,0
1.5,0.0675,0.0425,0.0105,0.186471,0.473536,0
1.5,0.0725,0.0425,0.0105,0.148505,0.524919,0
1.5,0.0775,0.0425,0.0105,0.108585,0.524919,0
1.5,0.0825,0.0425,0.0105,0.0706191,0.473536,0
1.5,0.0875,0.0425,0.0105,0.0383233,0.3758,0
1.5,0.0925,0.0425,0.0105,0.014859,0.241279,0
1.5,0.0975,0.0425,0.0105,0.00252311,0.083139,0
1.5,0.0025,0.0475,0.0105,0.00285963,-0.0873896,0
1.5,0.0075,0.0475,0.0105,0.00711029,-0.253615,0
1.5,0.0125,0.0475,0.0105,0.0151955,-0.395014,0
1.5,0.0175,0.0475,0.0105,0.0263239,-0.497747,0
1.5,0.0225,0.0475,0.0105,0.0394061,-0.551756,0
1.5,0.0275,0.0475,0.0105,0.0531615,-0.551756,0
1.5,0.0325,0.0475,0.0105,0.0662437,-0.497747,0
1.5,0.0375,0.0475,0.0105,0.0773721,-0.395014,0
1.5,0.0425,0.0475,0.0105,0.0854573,-0.253615,0
1.5,0.0475,0.0475,0.0105,0.089708,-0.0873896,0
1.5,0.0525,0.0475,0.0105,0.089708,0.0873896,0
1.5,0.0575,0.0475,0.0105,0.0854573,0.253615,0
1.5,0.0625,0.0475,0.0105,0.0773721,0.395014,0
1.5,0.0675,0.0475,0.0105,0.0662437,0.497747,0
1.5,0.0725,0.0475,0.0105,0.0531615,0.551756,0
1.5,0.0775,0.0475,0.0105,0.0394061,0.551756,0
1.5,0.0825,0.0475,0.0105,0.0263239,0.497747,0
1.5,0.0875,0.0475,0.0105,0.0151955,0.395014,0
1.5,0.0925,0.0475,0.0105,0.00711029,0.253615,0
1.5,0.0975,0.0475,0.0105,0.00285963,0.0873896,0
1.5,0.0025,0.0525,0.0105,0.00462173,-0.0873896,0
1.5,0.0075,0.0525,0.0105,0.000371071,-0.253615,0
1.5,0.0125,0.0525,0.0105,-0.00771417,-0.395014,0
1.5,0.0175,0.0525,0.0105,-0.0188425,-0.497747,0
1.5,0.0225,0.0525,0.0105,-0.0319247,-0.551756,0
1.5,0.0275,0.0525,0.0105,-0.0456802,-0.551756,0
1.5,0.0325,0.0525,0.0105,-0.0587623,-0.497747,0
1.5,0.0375,0.0525,0.0105,-0.0698907,-0.395014,0
1.5,0.0425,0.0525,0.0105,-0.0779759,-0.253615,0
1.5,0.0475,0.0525,0.0105,-0.0822266,-0.0873896,0
1.5,0.0525,0.0525,0.0105,-0.0822266,0.0873896,0
1.5,0.0575,0.0525,0.0105,-0.0779759,0.253615,0
1.5,0.0625,0.0525,0.0105,-0.0698907,0.395014,0
1.5,0.0675,0.0525,0.0105,-0.0587623,0.497747,0
1.5,0.0725,0.0525,0.0105,-0.0456802,0.551756,0
1.5,0.0775,0.0525,0.0105,-0.0319247,0.551756,0
1.5,0.0825,0.0525,0.0105,-0.0188425,0.497747,0
1.5,0.0875,0.0525,0.0105,-0.00771417,0.395014,0
1.5,0.0925,0.0525,0.0105,0.000371071,0.253615,0
1.5,0.0975,0.0525,0.0105,0.00462173,0.0873896,0
1.5,0.0025,0.0575,0.0105,0.00911898,-0.083139,0
1.5,0.0075,0.0575,0.0105,-0.00321691,-0.241279,0
1.5,0.0125,0.0575,0.0105,-0.0266812,-0.3758,0
1.5,0.0175,0.0575,0.0105,-0.058977,-0.473536,0
1.5,0.0225,0.0575,0.0105,-0.096943,-0.524919,0
1.5,0.0275,0.0575,0.0105,-0.136863,-0.524919,0
1.5,0.0325,0.0575,0.0105,-0.174829,-0.473536,0
1.5,0.0375,0.0575,0.0105,-0.207125,-0.3758,0
1.5,0.0425,0.0575,0.0105,-0.230589,-0.241279,0
1.5,0.0475,0.0575,0.0105,-0.242925,-0.083139,0
1.5,0.0525,0.0575,0.0105,-0.242925,0.083139,0
1.5,0.0575,0.0575,0.0105,-0.230589,0.241279,0
1.5,0.0625,0.0575,0.0105,-0.207125,0.3758,0
1.5,0.0675,0.0575,0.0105,-0.174829,0.473536,0
1.5,0.0725,0.0575,0.0105,-0.136863,0.524919,0
1.5,0.0775,0.0575,0.0105,-0.096943,0.524919,0
1.5,0.0825,0.0575,0.0105,-0.058977,0.473536,0
1.5,0.0875,0.0575,0.0105,-0.0266812,0.3758,0
1.5,0.0925,0.0575,0.0105,-0.00321691,0.241279,0
1.5,0.0975,0.0575,0.0105,0.00911898,0.083139,0
1.5,0.0025,0.0625,0.0105,0.0183823,-0.0750537,0
1.5,0.0075,0.0625,0.0105,-0.000831262,-0.217814,0
1.5,0.0125,0.0625,0.0105,-0.0373777,-0.339254,0
1.5,0.0175,0.0625,0.0105,-0.0876796,-0.427485,0
1.5,0.0225,0.0625,0.0105,-0.146813,-0.473871,0
1.5,0.0275,0.0625,0.0105,-0.20899,-0.473871,0
1.5,0.0325,0.0625,0.0105,-0.268123,-0.427485,0
1.5,0.0375,0.0625,0.0105,-0.318425,-0.339254,0
1.5,0.0425,0.0625,0.0105,-0.354971,-0.217814,0
1.5,0.0475,0.0625,0.0105,-0.374185,-0.0750537,0
1.5,0.0525,0.0625,0.0105,-0.374185,0.0750537,0
1.5,0.0575,0.0625,0.0105,-0.354971,0.217814,0
1.5,0.0625,0.0625,0.0105,-0.318425,0.339254,0
1.5,0.0675,0.0625,0.0105,-0.268123,0.427485,0
1.5,0.0725,0.0625,0.0105,-0.20899,0.473871,0
1.5,0.0775,0.0625,0.0105,-0.146813,0.473871,0
1.5,0.0825,0.0625,0.0105,-0.0876796,0.427485,0
1.5,0.0875,0.0625,0.0105,-0.0373777,0.339254,0
1.5,0.0925,0.0625,0.0105,-0.000831262,0.217814,0
1.5,0.0975,0.0625,0.0105,0.0183823,0.0750537,0
1.5,0.0025,0.0675,0.0105,0.0354701,-0.0639254,0
1.5,0.0075,0.0675,0.0105,0.0112595,-0.185519,0
1.5,0.0125,0.0675,0.0105,-0.0347917,-0.288952,0
1.5,0.0175,0.0675,0.0105,-0.0981758,-0.364101,0
1.5,0.0225,0.0675,0.0105,-0.172688,-0.403609,0
1.5,0.0275,0.0675,0.0105,-0.251035,-0.403609,0
1.5,0.0325,0.0675,0.0105,-0.325548,-0.364101,0
1.5,0.0375,0.0675,0.0105,-0.388932,-0.288952,0
1.5,0.0425,0.0675,0.0105,-0.434983,-0.185519,0
1.5,0.0475,0.0675,0.0105,-0.459194,-0.0639254,0
1.5,0.0525,0.0675,0.0105,-0.459194,0.0639254,0
1.5,0.0575,0.0675,0.0105,-0.434983,0.185519,0
1.5,0.0625,0.0675,0.0105,-0.388932,0.288952,0
1.5,0.0675,0.0675,0.0105,-0.325548,0.364101,0
1.5,0.0725,0.0675,0.0105,-0.251035,0.403609,0
1.5,0.0775,0.0675,0.0105,-0.172688,0.403609,0
1.5,0.0825,0.0675,0.0105,-0.0981758,0.364101,0
1.5,0.0875,0.0675,0.0105,-0.0347917,0.288952,0
1.5,0.0925,0.0675,0.0105,0.0112595,0.185519,0
1.5,0.0975,0.0675,0.0105,0.0354701,0.0639254,0
1.5,0.0025,0.0725,0.0105,0.0648687,-0.0508432,0
1.5,0.0075,0.0725,0.0105,0.0380311,-0.147553,0
1.5,0.0125,0.0725,0.0105,-0.0130171,-0.229819,0
1.5,0.0175,0.0725,0.0105,-0.0832789,-0.289588,0
1.5,0.0225,0.0725,0.0105,-0.165877,-0.321011,0
1.5,0.0275,0.0725,0.0105,-0.252725,-0.321011,0
1.5,0.0325,0.0725,0.0105,-0.335323,-0.289588,0
1.5,0.0375,0.0725,0.0105,-0.405584,-0.229819,0
1.5,0.0425,0.0725,0.0105,-0.456633,-0.147553,0
1.5,0.0475,0.0725,0.0105,-0.48347,-0.0508432,0
1.5,0.0525,0.0725,0.0105,-0.48347,0.0508432,0
1.5,0.0575,0.0725,0.0105,-0.456633,0.147553,0
1.5,0.0625,0.0725,0.0105,-0.405584,0.229819,0
1.5,0.0675,0.0725,0.0105,-0.335323,0.289588,0
1.5,0.0725,0.0725,0.0105,-0.252725,0.321011,0
1.5,0.0775,0.0725,0.0105,-0.165877,0.321011,0
1.5,0.0825,0.0725,0.0105,-0.0832789,0.289588,0
1.5,0.0875,0.0725,0.0105,-0.0130171,0.229819,0
1.5,0.0925,0.0725,0.0105,0.0380311,0.147553,0
1.5,0.0975,0.0725,0.0105,0.0648687,0.0508432,0
1.5,0.0025,0.0775,0.0105,0.113007,-0.0370877,0
1.5,0.0075,0.0775,0.0105,0.0861689,-0.107633,0
1.5,0.0125,0.0775,0.0105,0.0351208,-0.167642,0
1.5,0.0175,0.0775,0.0105,-0.035141,-0.211241,0
1.5,0.0225,0.0775,0.0105,-0.117739,-0.234163,0
1.5,0.0275,0.0775,0.0105,-0.204587,-0.234163,0
1.5,0.0325,0.0775,0.0105,-0.287185,-0.211241,0
1.5,0.0375,0.0775,0.0105,-0.357446,-0.167642,0
1.5,0.0425,0.0775,0.0105,-0.408495,-0.107633,0
1.5,0.0475,0.0775,0.0105,-0.435332,-0.0370877,0
1.5,0.0525,0.0775,0.0105,-0.435332,0.0370877,0
1.5,0.0575,0.0775,0.0105,-0.408495,0.107633,0
1.5,0.0625,0.0775,0.0105,-0.357446,0.167642,0
1.5,0.0675,0.0775,0.0105,-0.287185,0.211241,0
1.5,0.0725,0.0775,0.0105,-0.204587,0.234163,0
1.5,0.0775,0.0775,0.0105,-0.117739,0.234163,0
1.5,0.0825,0.0775,0.0105,-0.035141,0.211241,0
1.5,0.0875,0.0775,0.0105,0.0351208,0.167642,0
1.5,0.0925,0.0775,0.0105,0.0861689,0.107633,0
1.5,0.0975,0.0775,0.0105,0.113007,0.0370877,0
1.5,0.0025,0.0825,0.0105,0.188899,-0.0240056,0
1.5,0.0075,0.0825,0.0105,0.164689,-0.0696668,0
1.5,0.0125,0.0825,0.0105,0.118637,-0.108509,0
1.5,0.0175,0.0825,0.0105,0.0552533,-0.136729,0
1.5,0.0225,0.0825,0.0105,-0.0192592,-0.151565,0
1.5,0.0275,0.0825,0.0105,-0.0976062,-0.151565,0
1.5,0.0325,0.0825,0.0105,-0.172119,-0.136729,0
1.5,0.0375,0.0825,0.0105,-0.235503,-0.108509,0
1.5,0.0425,0.0825,0.0105,-0.281554,-0.0696668,0
1.5,0.0475,0.0825,0.0105,-0.305764,-0.0240056,0
1.5,0.0525,0.0825,0.0105,-0.305764,0.0240056,0
1.5,0.0575,0.0825,0.0105,-0.281554,0.0696668,0
1.5,0.0625,0.0825,0.0105,-0.235503,0.108509,0
1.5,0.0675,0.0825,0.0105,-0.172119,0.136729,0
1.5,0.0725,0.0825,0.0105,-0.0976062,0.151565,0
1.5,0.0775,0.0825,0.0105,-0.0192592,0.151565,0
1.5,0.0825,0.0825,0.0105,0.0552533,0.136729,0
1.5,0.0875,0.0825,0.0105,0.118637,0.108509,0
1.5,0.0925,0.0825,0.0105,0.164689,0.0696668,0
1.5,0.0975,0.0825,0.0105,0.188899,0.0240056,0
1.5,0.0025,0.0875,0.0105,0.304946,-0.0128772,0
1.5,0.0075,0.0875,0.0105,0.285732,-0.037371,0
1.5,0.0125,0.0875,0.0105,0.249186,-0.0582068,0
1.5,0.0175,0.0875,0.0105,0.198884,-0.0733448,0
1.5,0.0225,0.0875,0.0105,0.139751,-0.0813033,0
1.5,0.0275,0.0875,0.0105,0.0775742,-0.0813033,0
1.5,0.0325,0.0875,0.0105,0.0184408,-0.0733448,0
1.5,0.0375,0.0875,0.0105,-0.0318611,-0.0582068,0
1.5,0.0425,0.0875,0.0105,-0.0684075,-0.037371,0
1.5,0.0475,0.0875,0.0105,-0.0876211,-0.0128772,0
1.5,0.0525,0.0875,0.0105,-0.0876211,0.0128772,0
1.5,0.0575,0.0875,0.0105,-0.0684075,0.037371,0
1.5,0.0625,0.0875,0.0105,-0.0318611,0.0582068,0
1.5,0.0675,0.0875,0.0105,0.0184408,0.0733448,0
1.5,0.0725,0.0875,0.0105,0.0775742,0.0813033,0
1.5,0.0775,0.0875,0.0105,0.139751,0.0813033,0
1.5,0.0825,0.0875,0.0105,0.198884,0.0733448,0
1.5,0.0875,0.0875,0.0105,0.249186,0.0582068,0
1.5,0.0925,0.0875,0.0105,0.285732,0.037371,0
1.5,0.0975,0.0875,0.0105,0.304946,0.0128772,0
1.5,0.0025,0.0925,0.0105,0.477901,-0.00479195,0
1.5,0.0075,0.0925,0.0105,0.465565,-0.0139068,0
1.5,0.0125,0.0925,0.0105,0.442101,-0.0216603,0
1.5,0.0175,0.0925,0.0105,0.409805,-0.0272936,0
1.5,0.0225,0.0925,0.0105,0.371839,-0.0302552,0
1.5,0.0275,0.0925,0.0105,0.331919,-0.0302552,0
1.5,0.0325,0.0925,0.0105,0.293953,-0.0272936,0
1.5,0.0375,0.0925,0.0105,0.261657,-0.0216603,0
1.5,0.0425,0.0925,0.0105,0.238193,-0.0139068,0
1.5,0.0475,0.0925,0.0105,0.225857,-0.00479195,0
1.5,0.0525,0.0925,0.0105,0.225857,0.00479195,0
1.5,0.0575,0.0925,0.0105,0.238193,0.0139068,0
1.5,0.0625,0.0925,0.0105,0.261657,0.0216603,0
1.5,0.0675,0.0925,0.0105,0.293953,0.0272936,0
1.5,0.0725,0.0925,0.0105,0.331919,0.0302552,0
1.5,0.0775,0.0925,0.0105,0.371839,0.0302552,0
1.5,0.0825,0.0925,0.0105,0.409805,0.0272936,0
1.5,0.0875,0.0925,0.0105,0.442101,0.0216603,0
1.5,0.0925,0.0925,0.0105,0.465565,0.0139068,0
1.5,0.0975,0.0925,0.0105,0.477901,0.00479195,0
1.5,0.0025,0.0975,0.0105,0.730036,-0.000541288,0
1.5,0.0075,0.0975,0.0105,0.725785,-0.00157088,0
1.5,0.0125,0.0975,0.0105,0.7177,-0.0024467,0
1.5,0.0175,0.0975,0.0105,0.706572,-0.00308302,0
1.5,0.0225,0.0975,0.0105,0.69349,-0.00341756,0
1.5,0.0275,0.0975,0.0105,0.679734,-0.00341756,0
1.5,0.0325,0.0975,0.0105,0.666652,-0.00308302,0
1.5,0.0375,0.0975,0.0105,0.655524,-0.0024467,0
1.5,0.0425,0.0975,0.0105,0.647438,-0.00157088,0
1.5,0.0475,0.0975,0.0105,0.643188,-0.000541288,0
1.5,0.0525,0.0975,0.0105,0.643188,0.000541288,0
1.5,0.0575,0.0975,0.0105,0.647438,0.00157088,0
1.5,0.0625,0.0975,0.0105,0.655524,0.0024467,0
1.5,0.0675,0.0975,0.0105,0.666652,0.00308302,0
1.5,0.0725,0.0975,0.0105,0.679734,0.00341756,0
1.5,0.0775,0.0975,0.0105,0.69349,0.00341756,0
1.5,0.0825,0.0975,0.0105,0.706572,0.00308302,0
1.5,0.0875,0.0975,0.0105,0.7177,0.0024467,0
1.5,0.0925,0.0975,0.0105,0.725785,0.00157088,0
1.5,0.0975,0.0975,0.0105,0.730036,0.000541288,0
2,0.0025,0.0025,0.0105,0.000574936,-0.000574936,0
2,0.0075,0.0025,0.0105,0.00508984,-0.00166853,0
2,0.0125,0.0025,0.0105,0.0136777,-0.0025988,0
2,0.0175,0.0025,0.0105,0.0254978,-0.00327468,0
2,0.0225,0.0025,0.0105,0.0393933,-0.00363001,0
2,0.0275,0.0025,0.0105,0.0540038,-0.00363001,0
2,0.0325,0.0025,0.0105,0.0678992,-0.00327468,0
2,0.0375,0.0025,0.0105,0.0797194,-0.0025988,0
2,0.0425,0.0025,0.0105,0.0883072,-0.00166853,0
2,0.0475,0.0025,0.0105,0.0928221,-0.000574936,0
2,0.0525,0.0025,0.0105,0.0928221,0.000574936,0
2,0.0575,0.0025,0.0105,0.0883072,0.00166853,0
2,0.0625,0.0025,0.0105,0.0797194,0.0025988,0
2,0.0675,0.0025,0.0105,0.0678992,0.00327468,0
2,0.0725,0.0025,0.0105,0.0540038,0.00363001,0
2,0.0775,0.0025,0.0105,0.0393933,0.00363001,0
2,0.0825,0.0025,0.0105,0.0254978,0.00327468,0
2,0.0875,0.0025,0.0105,0.0136777,0.0025988,0
2,0.0925,0.0025,0.0105,0.00508984,0.00166853,0
2,0.0975,0.0025,0.0105,0.000574936,0.000574936,0
2,0.0025,0.0075,0.0105,0.00166853,-0.00508984,0
2,0.0075,0.0075,0.0105,0.0147713,-0.0147713,0
2,0.0125,0.0075,0.0105,0.0396942,-0.0230068,0
2,0.0175,0.0075,0.0105,0.0739976,-0.0289903,0
2,0.0225,0.0075,0.0105,0.114324,-0.032136,0
2,0.0275,0.0075,0.0105,0.156725,-0.032136,0
2,0.0325,0.0075,0.0105,0.197051,-0.0289903,0
2,0.0375,0.0075,0.0105,0.231355,-0.0230068,0
2,0.0425,0.0075,0.0105,0.256278,-0.0147713,0
2,0.0475,0.0075,0.0105,0.26938,-0.00508984,0
2,0.0525,0.0075,0.0105,0.26938,0.00508984,0
2,0.0575,0.0075,0.0105,0.256278,0.0147713,0
2,0.0625,0.0075,0.0105,0.231355,0.0230068,0
2,0.0675,0.0075,0.0105,0.197051,0.0289903,0
2,0.0725,0.0075,0.0105,0.156725,0.032136,0
2,0.0775,0.0075,0.0105,0.114324,0.032136,0
2,0.0825,0.0075,0.0105,0.0739976,0.0289903,0
2,0.0875,0.0075,0.0105,0.0396942,0.0230068,0
2,0.0925,0.0075,0.0105,0.0147713,0.0147713,0
2,0.0975,0.0075,0.0105,0.00166853,0.00508984,0
2,0.0025,0.0125,0.0105,0.00259885,-0.0136777,0
2,0.0075,0.0125,0.0105,0.0230069,-0.0396942,0
2,0.0125,0.0125,0.0105,0.0618252,-0.0618251,0
2,0.0175,0.0125,0.0105,0.115254,-0.0779042,0
2,0.0225,0.0125,0.0105,0.178063,-0.0863575,0
2,0.0275,0.0125,0.0105,0.244105,-0.0863575,0
2,0.0325,0.0125,0.0105,0.306915,-0.0779042,0
2,0.0375,0.0125,0.0105,0.360343,-0.0618251,0
2,0.0425,0.0125,0.0105,0.399162,-0.0396942,0
2,0.0475,0.0125,0.0105,0.41957,-0.0136777,0
2,0.0525,0.0125,0.0105,0.41957,0.0136777,0
2,0.0575,0.0125,0.0105,0.399162,0.0396942,0
2,0.0625,0.0125,0.0105,0.360343,0.0618251,0
2,0.0675,0.0125,0.0105,0.306915,0.0779042,0
2,0.0725,0.0125,0.0105,0.244105,0.0863575,0
2,0.0775,0.0125,0.0105,0.178063,0.0863575,0
2,0.0825,0.0125,0.0105,0.115254,0.0779042,0
2,0.0875,0.0125,0.0105,0.0618252,0.0618251,0
2,0.0925,0.0125,0.0105,0.0230069,0.0396942,0
2,0.0975,0.0125,0.0105,0.00259885,0.0136777,0
2,0.0025,0.0175,0.0105,0.00327551,-0.0254978,0
2,0.0075,0.0175,0.0105,0.0289911,-0.0739976,0
2,0.0125,0.0175,0.0105,0.0779051,-0.115254,0
2,0.0175,0.0175,0.0105,0.145229,-0.145229,0
2,0.0225,0.0175,0.0105,0.224374,-0.160987,0
2,0.0275,0.0175,0.0105,0.307591,-0.160987,0
2,0.0325,0.0175,0.0105,0.386736,-0.145229,0
2,0.0375,0.0175,0.0105,0.45406,-0.115254,0
2,0.0425,0.0175,0.0105,0.502974,-0.0739976,0
2,0.0475,0.0175,0.0105,0.528689,-0.0254978,0
2,0.0525,0.0175,0.0105,0.528689,0.0254978,0
2,0.0575,0.0175,0.0105,0.502974,0.0739976,0
2,0.0625,0.0175,0.0105,0.45406,0.115254,0
2,0.0675,0.0175,0.0105,0.386736,0.145229,0
2,0.0725,0.0175,0.0105,0.307591,0.160987,0
2,0.0775,0.0175,0.0105,0.224374,0.160987,0
2,0.0825,0.0175,0.0105,0.145229,0.145229,0
2,0.0875,0.0175,0.0105,0.0779051,0.115254,0
2,0.0925,0.0175,0.0105,0.0289911,0.0739976,0
2,0.0975,0.0175,0.0105,0.00327551,0.0254978,0
2,0.0025,0.0225,0.0105,0.00363625,-0.0393933,0
2,0.0075,0.0225,0.0105,0.0321422,-0.114324,0
2,0.0125,0.0225,0.0105,0.0863637,-0.178063,0
2,0.0175,0.0225,0.0105,0.160993,-0.224373,0
2,0.0225,0.0225,0.0105,0.248726,-0.248719,0
2,0.0275,0.0225,0.0105,0.340973,-0.248719,0
2,0.0325,0.0225,0.0105,0.428705,-0.224373,0
2,0.0375,0.0225,0.0105,0.503335,-0.178063,0
2,0.0425,0.0225,0.0105,0.557556,-0.114324,0
2,0.0475,0.0225,0.0105,0.586062,-0.0393933,0
2,0.0525,0.0225,0.0105,0.586062,0.0393933,0
2,0.0575,0.0225,0.0105,0.557556,0.114324,0
2,0.0625,0.0225,0.0105,0.503335,0.178063,0
2,0.0675,0.0225,0.0105,0.428705,0.224373,0
2,0.0725,0.0225,0.0105,0.340973,0.248719,0
2,0.0775,0.0225,0.0105,0.248726,0.248719,0
2,0.0825,0.0225,0.0105,0.160993,0.224373,0
2,0.0875,0.0225,0.0105,0.0863637,0.178063,0
2,0.0925,0.0225,0.0105,0.0321422,0.114324,0
2,0.0975,0.0225,0.0105,0.00363625,0.0393933,0
2,0.0025,0.0275,0.0105,0.00366109,-0.0540038,0
2,0.0075,0.0275,0.0105,0.032167,-0.156725,0
2,0.0125,0.0275,0.0105,0.0863886,-0.244105,0
2,0.0175,0.0275,0.0105,0.161018,-0.30759,0
2,0.0225,0.0275,0.0105,0.24875,-0.340967,0
2,0.0275,0.0275,0.0105,0.340998,-0.340967,0
2,0.0325,0.0275,0.0105,0.42873,-0.30759,0
2,0.0375,0.0275,0.0105,0.503359,-0.244105,0
2,0.0425,0.0275,0.0105,0.557581,-0.156725,0
2,0.0475,0.0275,0.0105,0.586087,-0.0540038,0
2,0.0525,0.0275,0.0105,0.586087,0.0540038,0
2,0.0575,0.0275,0.0105,0.557581,0.156725,0
2,0.0625,0.0275,0.0105,0.503359,0.244105,0
2,0.0675,0.0275,0.0105,0.42873,0.30759,0
2,0.0725,0.0275,0.0105,0.340998,0.340967,0
2,0.0775,0.0275,0.0105,0.24875,0.340967,0
2,0.0825,0.0275,0.0105,0.161018,0.30759,0
2,0.0875,0.0275,0.0105,0.0863886,0.244105,0
2,0.0925,0.0275,0.0105,0.032167,0.156725,0
2,0.0975,0.0275,0.0105,0.00366109,0.0540038,0
2,0.0025,0.0325,0.0105,0.00339295,-0.0678992,0
2,0.0075,0.0325,0.0105,0.0291085,-0.197051,0
2,0.0125,0.0325,0.0105,0.0780225,-0.306914,0
2,0.0175,0.0325,0.0105,0.145347,-0.386735,0
2,0.0225,0.0325,0.0105,0.224491,-0.428699,0
2,0.0275,0.0325,0.0105,0.307709,-0.428699,0
2,0.0325,0.0325,0.0105,0.386853,-0.386735,0
2,0.0375,0.0325,0.0105,0.454177,-0.306914,0
2,0.0425,0.0325,0.0105,0.503091,-0.197051,0
2,0.0475,0.0325,0.0105,0.528807,-0.0678992,0
2,0.0525,0.0325,0.0105,0.528807,0.0678992,0
2,0.0575,0.0325,0.0105,0.503091,0.197051,0
2,0.0625,0.0325,0.0105,0.454177,0.306914,0
2,0.0675,0.0325,0.0105,0.386853,0.386735,0
2,0.0725,0.0325,0.0105,0.307709,0.428699,0
2,0.0775,0.0325,0.0105,0.224491,0.428699,0
2,0.0825,0.0325,0.0105,0.145347,0.386735,0
2,0.0875,0.0325,0.0105,0.0780225,0.306914,0
2,0.0925,0.0325,0.0105,0.0291085,0.197051,0
2,0.0975,0.0325,0.0105,0.00339295,0.0678992,0
2,0.0025,0.0375,0.0105,0.00297039,-0.0797194,0
2,0.0075,0.0375,0.0105,0.0233784,-0.231355,0
2,0.0125,0.0375,0.0105,0.0621967,-0.360343,0
2,0.0175,0.0375,0.0105,0.115626,-0.454059,0
2,0.0225,0.0375,0.0105,0.178435,-0.503328,0
2,0.0275,0.0375,0.0105,0.244477,-0.503328,0
2,0.0325,0.0375,0.0105,0.307286,-0.454059,0
2,0.0375,0.0375,0.0105,0.360715,-0.360343,0
2,0.0425,0.0375,0.0105,0.399533,-0.231355,0
2,0.0475,0.0375,0.0105,0.419941,-0.0797194,0
2,0.0525,0.0375,0.0105,0.419941,0.0797194,0
2,0.0575,0.0375,0.0105,0.399533,0.231355,0
2,0.0625,0.0375,0.0105,0.360715,0.360343,0
2,0.0675,0.0375,0.0105,0.307286,0.454059,0
2,0.0725,0.0375,0.0105,0.244477,0.503328,0
2,0.0775,0.0375,0.0105,0.178435,0.503328,0
2,0.0825,0.0375,0.0105,0.115626,0.454059,0
2,0.0875,0.0375,0.0105,0.0621967,0.360343,0
2,0.0925,0.0375,0.0105,0.0233784,0.231355,0
2,0.0975,0.0375,0.0105,0.00297039,0.0797194,0
2,0.0025,0.0425,0.0105,0.00267995,-0.0883072,0
2,0.0075,0.0425,0.0105,0.0157827,-0.256278,0
2,0.0125,0.0425,0.0105,0.0407056,-0.399162,0
2,0.0175,0.0425,0.0105,0.075009,-0.502973,0
2,0.0225,0.0425,0.0105,0.115335,-0.55755,0
2,0.0275,0.0425,0.0105,0.157737,-0.55755,0
2,0.0325,0.0425,0.0105,0.198063,-0.502973,0
2,0.0375,0.0425,0.0105,0.232366,-0.399162,0
2,0.0425,0.0425,0.0105,0.257289,-0.256278,0
2,0.0475,0.0425,0.0105,0.270392,-0.0883072,0
2,0.0525,0.0425,0.0105,0.270392,0.0883072,0
2,0.0575,0.0425,0.0105,0.257289,0.256278,0
2,0.0625,0.0425,0.0105,0.232366,0.399162,0
2,0.0675,0.0425,0.0105,0.198063,0.502973,0
2,0.0725,0.0425,0.0105,0.157737,0.55755,0
2,0.0775,0.0425,0.0105,0.115335,0.55755,0
2,0.0825,0.0425,0.0105,0.075009,0.502973,0
2,0.0875,0.0425,0.0105,0.0407056,0.399162,0
2,0.0925,0.0425,0.0105,0.0157827,0.256278,0
2,0.0975,0.0425,0.0105,0.00267995,0.0883072,0
2,0.0025,0.0475,0.0105,0.0030374,-0.0928221,0
2,0.0075,0.0475,0.0105,0.0075523,-0.26938,0
2,0.0125,0.0475,0.0105,0.0161401,-0.41957,0
2,0.0175,0.0475,0.0105,0.0279603,-0.528689,0
2,0.0225,0.0475,0.0105,0.0418557,-0.586056,0
2,0.0275,0.0475,0.0105,0.0564663,-0.586056,0
2,0.0325,0.0475,0.0105,0.0703617,-0.528689,0
2,0.0375,0.0475,0.0105,0.0821818,-0.41957,0
2,0.0425,0.0475,0.0105,0.0907697,-0.26938,0
2,0.0475,0.0475,0.0105,0.0952846,-0.0928221,0
2,0.0525,0.0475,0.0105,0.0952846,0.0928221,0
2,0.0575,0.0475,0.0105,0.0907697,0.26938,0
2,0.0625,0.0475,0.0105,0.0821818,0.41957,0
2,0.0675,0.0475,0.0105,0.0703617,0.528689,0
2,0.0725,0.0475,0.0105,0.0564663,0.586056,0
2,0.0775,0.0475,0.0105,0.0418557,0.586056,0
2,0.0825,0.0475,0.0105,0.0279603,0.528689,0
2,0.0875,0.0475,0.0105,0.0161401,0.41957,0
2,0.0925,0.0475,0.0105,0.0075523,0.26938,0
2,0.0975,0.0475,0.0105,0.0030374,0.0928221,0
2,0.0025,0.0525,0.0105,0.00490904,-0.0928221,0
2,0.0075,0.0525,0.0105,0.000394138,-0.26938,0
2,0.0125,0.0525,0.0105,-0.00819371,-0.41957,0
2,0.0175,0.0525,0.0105,-0.0200139,-0.528689,0
2,0.0225,0.0525,0.0105,-0.0339093,-0.586056,0
2,0.0275,0.0525,0.0105,-0.0485198,-0.586056,0
2,0.0325,0.0525,0.0105,-0.0624153,-0.528689,0
2,0.0375,0.0525,0.0105,-0.0742354,-0.41957,0
2,0.0425,0.0525,0.0105,-0.0828233,-0.26938,0
2,0.0475,0.0525,0.0105,-0.0873382,-0.0928221,0
2,0.0525,0.0525,0.0105,-0.0873382,0.0928221,0
2,0.0575,0.0525,0.0105,-0.0828233,0.26938,0
2,0.0625,0.0525,0.0105,-0.0742354,0.41957,0
2,0.0675,0.0525,0.0105,-0.0624153,0.528689,0
2,0.0725,0.0525,0.0105,-0.0485198,0.586056,0
2,0.0775,0.0525,0.0105,-0.0339093,0.586056,0
2,0.0825,0.0525,0.0105,-0.0200139,0.528689,0
2,0.0875,0.0525,0.0105,-0.00819371,0.41957,0
2,0.0925,0.0525,0.0105,0.000394138,0.26938,0
2,0.0975,0.0525,0.0105,0.00490904,0.0928221,0
2,0.0025,0.0575,0.0105,0.00968586,-0.0883072,0
2,0.0075,0.0575,0.0105,-0.00341689,-0.256278,0
2,0.0125,0.0575,0.0105,-0.0283398,-0.399162,0
2,0.0175,0.0575,0.0105,-0.0626432,-0.502973,0
2,0.0225,0.0575,0.0105,-0.102969,-0.55755,0
2,0.0275,0.0575,0.0105,-0.145371,-0.55755,0
2,0.0325,0.0575,0.0105,-0.185697,-0.502973,0
2,0.0375,0.0575,0.0105,-0.22,-0.399162,0
2,0.0425,0.0575,0.0105,-0.244923,-0.256278,0
2,0.0475,0.0575,0.0105,-0.258026,-0.0883072,0
2,0.0525,0.0575,0.0105,-0.258026,0.0883072,0
2,0.0575,0.0575,0.0105,-0.244923,0.256278,0
2,0.0625,0.0575,0.0105,-0.22,0.399162,0
2,0.0675,0.0575,0.0105,-0.185697,0.502973,0
2,0.0725,0.0575,0.0105,-0.145371,0.55755,0
2,0.0775,0.0575,0.0105,-0.102969,0.55755,0
2,0.0825,0.0575,0.0105,-0.0626432,0.502973,0
2,0.0875,0.0575,0.0105,-0.0283398,0.399162,0
2,0.0925,0.0575,0.0105,-0.00341689,0.256278,0
2,0.0975,0.0575,0.0105,0.00968586,0.0883072,0
2,0.0025,0.0625,0.0105,0.0195251,-0.0797194,0
2,0.0075,0.0625,0.0105,-0.000882936,-0.231355,0
2,0.0125,0.0625,0.0105,-0.0397013,-0.360343,0
2,0.0175,0.0625,0.0105,-0.0931301,-0.454059,0
2,0.0225,0.0625,0.0105,-0.15594,-0.503328,0
2,0.0275,0.0625,0.0105,-0.221981,-0.503328,0
2,0.0325,0.0625,0.0105,-0.284791,-0.454059,0
2,0.0375,0.0625,0.0105,-0.338219,-0.360343,0
2,0.0425,0.0625,0.0105,-0.377038,-0.231355,0
2,0.0475,0.0625,0.0105,-0.397446,-0.0797194,0
2,0.0525,0.0625,0.0105,-0.397446,0.0797194,0
2,0.0575,0.0625,0.0105,-0.377038,0.231355,0
2,0.0625,0.0625,0.0105,-0.338219,0.360343,0
2,0.0675,0.0625,0.0105,-0.284791,0.454059,0
2,0.0725,0.0625,0.0105,-0.221981,0.503328,0
2,0.0775,0.0625,0.0105,-0.15594,0.503328,0
2,0.0825,0.0625,0.0105,-0.0931301,0.454059,0
2,0.0875,0.0625,0.0105,-0.0397013,0.360343,0
2,0.0925,0.0625,0.0105,-0.000882936,0.231355,0
2,0.0975,0.0625,0.0105,0.0195251,0.0797194,0
2,0.0025,0.0675,0.0105,0.0376751,-0.0678992,0
2,0.0075,0.0675,0.0105,0.0119595,-0.197051,0
2,0.0125,0.0675,0.0105,-0.0369545,-0.306914,0
2,0.0175,0.0675,0.0105,-0.104279,-0.386735,0
2,0.0225,0.0675,0.0105,-0.183423,-0.428699,0
2,0.0275,0.0675,0.0105,-0.266641,-0.428699,0
2,0.0325,0.0675,0.0105,-0.345785,-0.386735,0
2,0.0375,0.0675,0.0105,-0.413109,-0.306914,0
2,0.0425,0.0675,0.0105,-0.462023,-0.197051,0
2,0.0475,0.0675,0.0105,-0.487739,-0.0678992,0
2,0.0525,0.0675,0.0105,-0.487739,0.0678992,0
2,0.0575,0.0675,0.0105,-0.462023,0.197051,0
2,0.0625,0.0675,0.0105,-0.413109,0.306914,0
2,0.0675,0.0675,0.0105,-0.345785,0.386735,0
2,0.0725,0.0675,0.0105,-0.266641,0.428699,0
2,0.0775,0.0675,0.0105,-0.183423,0.428699,0
2,0.0825,0.0675,0.0105,-0.104279,0.386735,0
2,0.0875,0.0675,0.0105,-0.0369545,0.306914,0
2,0.0925,0.0675,0.0105,0.0119595,0.197051,0
2,0.0975,0.0675,0.0105,0.0376751,0.0678992,0
2,0.0025,0.0725,0.0105,0.0689012,-0.0540038,0
2,0.0075,0.0725,0.0105,0.0403953,-0.156725,0
2,0.0125,0.0725,0.0105,-0.0138263,-0.244105,0
2,0.0175,0.0725,0.0105,-0.0884558,-0.30759,0
2,0.0225,0.0725,0.0105,-0.176188,-0.340967,0
2,0.0275,0.0725,0.0105,-0.268435,-0.340967,0
2,0.0325,0.0725,0.0105,-0.356168,-0.30759,0
2,0.0375,0.0725,0.0105,-0.430797,-0.244105,0
2,0.0425,0.0725,0.0105,-0.485019,-0.156725,0
2,0.0475,0.0725,0.0105,-0.513525,-0.0540038,0
2,0.0525,0.0725,0.0105,-0.513525,0.0540038,0
2,0.0575,0.0725,0.0105,-0.485019,0.156725,0
2,0.0625,0.0725,0.0105,-0.430797,0.244105,0
2,0.0675,0.0725,0.0105,-0.356168,0.30759,0
2,0.0725,0.0725,0.0105,-0.268435,0.340967,0
2,0.0775,0.0725,0.0105,-0.176188,0.340967,0
2,0.0825,0.0725,0.0105,-0.0884558,0.30759,0
2,0.0875,0.0725,0.0105,-0.0138263,0.244105,0
2,0.0925,0.0725,0.0105,0.0403953,0.156725,0
2,0.0975,0.0725,0.0105,0.0689012,0.0540038,0
2,0.0025,0.0775,0.0105,0.120032,-0.0393933,0
2,0.0075,0.0775,0.0105,0.0915256,-0.114324,0
2,0.0125,0.0775,0.0105,0.037304,-0.178063,0
2,0.0175,0.0775,0.0105,-0.0373255,-0.224373,0
2,0.0225,0.0775,0.0105,-0.125058,-0.248719,0
2,0.0275,0.0775,0.0105,-0.217305,-0.248719,0
2,0.0325,0.0775,0.0105,-0.305037,-0.224373,0
2,0.0375,0.0775,0.0105,-0.379667,-0.178063,0
2,0.0425,0.0775,0.0105,-0.433888,-0.114324,0
2,0.0475,0.0775,0.0105,-0.462394,-0.0393933,0
2,0.0525,0.0775,0.0105,-0.462394,0.0393933,0
2,0.0575,0.0775,0.0105,-0.433888,0.114324,0
2,0.0625,0.0775,0.0105,-0.379667,0.178063,0
2,0.0675,0.0775,0.0105,-0.305037,0.224373,0
2,0.0725,0.0775,0.0105,-0.217305,0.248719,0
2,0.0775,0.0775,0.0105,-0.125058,0.248719,0
2,0.0825,0.0775,0.0105,-0.0373255,0.224373,0
2,0.0875,0.0775,0.0105,0.037304,0.178063,0
2,0.0925,0.0775,0.0105,0.0915256,0.114324,0
2,0.0975,0.0775,0.0105,0.120032,0.0393933,0
2,0.0025,0.0825,0.0105,0.200642,-0.0254978,0
2,0.0075,0.0825,0.0105,0.174926,-0.0739976,0
2,0.0125,0.0825,0.0105,0.126012,-0.115254,0
2,0.0175,0.0825,0.0105,0.0586881,-0.145229,0
2,0.0225,0.0825,0.0105,-0.0204564,-0.160987,0
2,0.0275,0.0825,0.0105,-0.103674,-0.160987,0
2,0.0325,0.0825,0.0105,-0.182818,-0.145229,0
2,0.0375,0.0825,0.0105,-0.250143,-0.115254,0
2,0.0425,0.0825,0.0105,-0.299056,-0.0739976,0
2,0.0475,0.0825,0.0105,-0.324772,-0.0254978,0
2,0.0525,0.0825,0.0105,-0.324772,0.0254978,0
2,0.0575,0.0825,0.0105,-0.299056,0.0739976,0
2,0.0625,0.0825,0.0105,-0.250143,0.115254,0
2,0.0675,0.0825,0.0105,-0.182818,0.145229,0
2,0.0725,0.0825,0.0105,-0.103674,0.160987,0
2,0.0775,0.0825,0.0105,-0.0204564,0.160987,0
2,0.0825,0.0825,0.0105,0.0586881,0.145229,0
2,0.0875,0.0825,0.0105,0.126012,0.115254,0
2,0.0925,0.0825,0.0105,0.174926,0.0739976,0
2,0.0975,0.0825,0.0105,0.200642,0.0254978,0
2,0.0025,0.0875,0.0105,0.323903,-0.0136777,0
2,0.0075,0.0875,0.0105,0.303495,-0.0396942,0
2,0.0125,0.0875,0.0105,0.264676,-0.0618251,0
2,0.0175,0.0875,0.0105,0.211248,-0.0779042,0
2,0.0225,0.0875,0.0105,0.148438,-0.0863575,0
2,0.0275,0.0875,0.0105,0.0823965,-0.0863575,0
2,0.0325,0.0875,0.0105,0.0195872,-0.0779042,0
2,0.0375,0.0875,0.0105,-0.0338417,-0.0618251,0
2,0.0425,0.0875,0.0105,-0.07266,-0.0396942,0
2,0.0475,0.0875,0.0105,-0.093068,-0.0136777,0
2,0.0525,0.0875,0.0105,-0.093068,0.0136777,0
2,0.0575,0.0875,0.0105,-0.07266,0.0396942,0
2,0.0625,0.0875,0.0105,-0.0338417,0.0618251,0
2,0.0675,0.0875,0.0105,0.0195872,0.0779042,0
2,0.0725,0.0875,0.0105,0.0823965,0.0863575,0
2,0.0775,0.0875,0.0105,0.148438,0.0863575,0
2,0.0825,0.0875,0.0105,0.211248,0.0779042,0
2,0.0875,0.0875,0.0105,0.264676,0.0618251,0
2,0.0925,0.0875,0.0105,0.303495,0.0396942,0
2,0.0975,0.0875,0.0105,0.323903,0.0136777,0
2,0.0025,0.0925,0.0105,0.507609,-0.00508984,0
2,0.0075,0.0925,0.0105,0.494507,-0.0147713,0
2,0.0125,0.0925,0.0105,0.469584,-0.0230068,0
2,0.0175,0.0925,0.0105,0.43528,-0.0289903,0
2,0.0225,0.0925,0.0105,0.394954,-0.032136,0
2,0.0275,0.0925,0.0105,0.352553,-0.032136,0
2,0.0325,0.0925,0.0105,0.312227,-0.0289903,0
2,0.0375,0.0925,0.0105,0.277923,-0.0230068,0
2,0.0425,0.0925,0.0105,0.253,-0.0147713,0
2,0.0475,0.0925,0.0105,0.239898,-0.00508984,0
2,0.0525,0.0925,0.0105,0.239898,0.00508984,0
2,0.0575,0.0925,0.0105,0.253,0.0147713,0
2,0.0625,0.0925,0.0105,0.277923,0.0230068,0
2,0.0675,0.0925,0.0105,0.312227,0.0289903,0
2,0.0725,0.0925,0.0105,0.352553,0.032136,0
2,0.0775,0.0925,0.0105,0.394954,0.032136,0
2,0.0825,0.0925,0.0105,0.43528,0.0289903,0
2,0.0875,0.0925,0.0105,0.469584,0.0230068,0
2,0.0925,0.0925,0.0105,0.494507,0.0147713,0
2,0.0975,0.0925,0.0105,0.507609,0.00508984,0
2,0.0025,0.0975,0.0105,0.775418,-0.000574936,0
2,0.0075,0.0975,0.0105,0.770903,-0.00166853,0
2,0.0125,0.0975,0.0105,0.762315,-0.0025988,0
2,0.0175,0.0975,0.0105,0.750495,-0.00327468,0
2,0.0225,0.0975,0.0105,0.7366,-0.00363001,0
2,0.0275,0.0975,0.0105,0.721989,-0.00363001,0
2,0.0325,0.0975,0.0105,0.708094,-0.00327468,0
2,0.0375,0.0975,0.0105,0.696274,-0.0025988,0
2,0.0425,0.0975,0.0105,0.687686,-0.00166853,0
2,0.0475,0.0975,0.0105,0.683171,-0.000574936,0
2,0.0525,0.0975,0.0105,0.683171,0.000574936,0
2,0.0575,0.0975,0.0105,0.687686,0.00166853,0
2,0.0625,0.0975,0.0105,0.696274,0.0025988,0
2,0.0675,0.0975,0.0105,0.708094,0.00327468,0
2,0.0725,0.0975,0.0105,0.721989,0.00363001,0
2,0.0775,0.0975,0.0105,0.7366,0.00363001,0
2,0.0825,0.0975,0.0105,0.750495,0.00327468,0
2,0.0875,0.0975,0.0105,0.762315,0.0025988,0
2,0.0925,0.0975,0.0105,0.770903,0.00166853,0
2,0.0975,0.0975,0.0105,0.775418,0.000574936,0
