x,y,z,u,v,w,value
-3.0,-3.0,0.0,3.000,-3.000,0.300,4.2532
-3.0,-3.0,1.0,3.000,-3.000,0.300,4.2532
-3.0,-3.0,2.0,3.000,-3.000,0.300,4.2532
-3.0,-2.0,0.0,2.000,-3.000,0.300,3.6180
-3.0,-2.0,1.0,2.000,-3.000,0.300,3.6180
-3.0,-2.0,2.0,2.000,-3.000,0.300,3.6180
-3.0,-1.0,0.0,1.000,-3.000,0.300,3.1765
-3.0,-1.0,1.0,1.000,-3.000,0.300,3.1765
-3.0,-1.0,2.0,1.000,-3.000,0.300,3.1765
-3.0,0.0,0.0,-0.000,-3.000,0.300,3.0150
-3.0,0.0,1.0,-0.000,-3.000,0.300,3.0150
-3.0,0.0,2.0,-0.000,-3.000,0.300,3.0150
-3.0,1.0,0.0,-1.000,-3.000,0.300,3.1765
-3.0,1.0,1.0,-1.000,-3.000,0.300,3.1765
-3.0,1.0,2.0,-1.000,-3.000,0.300,3.1765
-3.0,2.0,0.0,-2.000,-3.000,0.300,3.6180
-3.0,2.0,1.0,-2.000,-3.000,0.300,3.6180
-3.0,2.0,2.0,-2.000,-3.000,0.300,3.6180
-3.0,3.0,0.0,-3.000,-3.000,0.300,4.2532
-3.0,3.0,1.0,-3.000,-3.000,0.300,4.2532
-3.0,3.0,2.0,-3.000,-3.000,0.300,4.2532
-2.0,-3.0,0.0,3.000,-2.000,0.300,3.6180
-2.0,-3.0,1.0,3.000,-2.000,0.300,3.6180
-2.0,-3.0,2.0,3.000,-2.000,0.300,3.6180
-2.0,-2.0,0.0,2.000,-2.000,0.300,2.8443
-2.0,-2.0,1.0,2.000,-2.000,0.300,2.8443
-2.0,-2.0,2.0,2.000,-2.000,0.300,2.8443
-2.0,-1.0,0.0,1.000,-2.000,0.300,2.2561
-2.0,-1.0,1.0,1.000,-2.000,0.300,2.2561
-2.0,-1.0,2.0,1.000,-2.000,0.300,2.2561
-2.0,0.0,0.0,-0.000,-2.000,0.300,2.0224
-2.0,0.0,1.0,-0.000,-2.000,0.300,2.0224
-2.0,0.0,2.0,-0.000,-2.000,0.300,2.0224
-2.0,1.0,0.0,-1.000,-2.000,0.300,2.2561
-2.0,1.0,1.0,-1.000,-2.000,0.300,2.2561
-2.0,1.0,2.0,-1.000,-2.000,0.300,2.2561
-2.0,2.0,0.0,-2.000,-2.000,0.300,2.8443
-2.0,2.0,1.0,-2.000,-2.000,0.300,2.8443
-2.0,2.0,2.0,-2.000,-2.000,0.300,2.8443
-2.0,3.0,0.0,-3.000,-2.000,0.300,3.6180
-2.0,3.0,1.0,-3.000,-2.000,0.300,3.6180
-2.0,3.0,2.0,-3.000,-2.000,0.300,3.6180
-1.0,-3.0,0.0,3.000,-1.000,0.300,3.1765
-1.0,-3.0,1.0,3.000,-1.000,0.300,3.1765
-1.0,-3.0,2.0,3.000,-1.000,0.300,3.1765
-1.0,-2.0,0.0,2.000,-1.000,0.300,2.2561
-1.0,-2.0,1.0,2.000,-1.000,0.300,2.2561
-1.0,-2.0,2.0,2.000,-1.000,0.300,2.2561
-1.0,-1.0,0.0,1.000,-1.000,0.300,1.4457
-1.0,-1.0,1.0,1.000,-1.000,0.300,1.4457
-1.0,-1.0,2.0,1.000,-1.000,0.300,1.4457
-1.0,0.0,0.0,-0.000,-1.000,0.300,1.0440
-1.0,0.0,1.0,-0.000,-1.000,0.300,1.0440
-1.0,0.0,2.0,-0.000,-1.000,0.300,1.0440
-1.0,1.0,0.0,-1.000,-1.000,0.300,1.4457
-1.0,1.0,1.0,-1.000,-1.000,0.300,1.4457
-1.0,1.0,2.0,-1.000,-1.000,0.300,1.4457
-1.0,2.0,0.0,-2.000,-1.000,0.300,2.2561
-1.0,2.0,1.0,-2.000,-1.000,0.300,2.2561
-1.0,2.0,2.0,-2.000,-1.000,0.300,2.2561
-1.0,3.0,0.0,-3.000,-1.000,0.300,3.1765
-1.0,3.0,1.0,-3.000,-1.000,0.300,3.1765
-1.0,3.0,2.0,-3.000,-1.000,0.300,3.1765
0.0,-3.0,0.0,3.000,0.000,0.300,3.0150
0.0,-3.0,1.0,3.000,0.000,0.300,3.0150
0.0,-3.0,2.0,3.000,0.000,0.300,3.0150
0.0,-2.0,0.0,2.000,0.000,0.300,2.0224
0.0,-2.0,1.0,2.000,0.000,0.300,2.0224
0.0,-2.0,2.0,2.000,0.000,0.300,2.0224
0.0,-1.0,0.0,1.000,0.000,0.300,1.0440
0.0,-1.0,1.0,1.000,0.000,0.300,1.0440
0.0,-1.0,2.0,1.000,0.000,0.300,1.0440
0.0,0.0,0.0,-0.000,0.000,0.300,0.3000
0.0,0.0,1.0,-0.000,0.000,0.300,0.3000
0.0,0.0,2.0,-0.000,0.000,0.300,0.3000
0.0,1.0,0.0,-1.000,0.000,0.300,1.0440
0.0,1.0,1.0,-1.000,0.000,0.300,1.0440
0.0,1.0,2.0,-1.000,0.000,0.300,1.0440
0.0,2.0,0.0,-2.000,0.000,0.300,2.0224
0.0,2.0,1.0,-2.000,0.000,0.300,2.0224
0.0,2.0,2.0,-2.000,0.000,0.300,2.0224
0.0,3.0,0.0,-3.000,0.000,0.300,3.0150
0.0,3.0,1.0,-3.000,0.000,0.300,3.0150
0.0,3.0,2.0,-3.000,0.000,0.300,3.0150
1.0,-3.0,0.0,3.000,1.000,0.300,3.1765
1.0,-3.0,1.0,3.000,1.000,0.300,3.1765
1.0,-3.0,2.0,3.000,1.000,0.300,3.1765
1.0,-2.0,0.0,2.000,1.000,0.300,2.2561
1.0,-2.0,1.0,2.000,1.000,0.300,2.2561
1.0,-2.0,2.0,2.000,1.000,0.300,2.2561
1.0,-1.0,0.0,1.000,1.000,0.300,1.4457
1.0,-1.0,1.0,1.000,1.000,0.300,1.4457
1.0,-1.0,2.0,1.000,1.000,0.300,1.4457
1.0,0.0,0.0,-0.000,1.000,0.300,1.0440
1.0,0.0,1.0,-0.000,1.000,0.300,1.0440
1.0,0.0,2.0,-0.000,1.000,0.300,1.0440
1.0,1.0,0.0,-1.000,1.000,0.300,1.4457
1.0,1.0,1.0,-1.000,1.000,0.300,1.4457
1.0,1.0,2.0,-1.000,1.000,0.300,1.4457
1.0,2.0,0.0,-2.000,1.000,0.300,2.2561
1.0,2.0,1.0,-2.000,1.000,0.300,2.2561
1.0,2.0,2.0,-2.000,1.000,0.300,2.2561
1.0,3.0,0.0,-3.000,1.000,0.300,3.1765
1.0,3.0,1.0,-3.000,1.000,0.300,3.1765
1.0,3.0,2.0,-3.000,1.000,0.300,3.1765
2.0,-3.0,0.0,3.000,2.000,0.300,3.6180
2.0,-3.0,1.0,3.000,2.000,0.300,3.6180
2.0,-3.0,2.0,3.000,2.000,0.300,3.6180
2.0,-2.0,0.0,2.000,2.000,0.300,2.8443
2.0,-2.0,1.0,2.000,2.000,0.300,2.8443
2.0,-2.0,2.0,2.000,2.000,0.300,2.8443
2.0,-1.0,0.0,1.000,2.000,0.300,2.2561
2.0,-1.0,1.0,1.000,2.000,0.300,2.2561
2.0,-1.0,2.0,1.000,2.000,0.300,2.2561
2.0,0.0,0.0,-0.000,2.000,0.300,2.0224
2.0,0.0,1.0,-0.000,2.000,0.300,2.0224
2.0,0.0,2.0,-0.000,2.000,0.300,2.0224
2.0,1.0,0.0,-1.000,2.000,0.300,2.2561
2.0,1.0,1.0,-1.000,2.000,0.300,2.2561
2.0,1.0,2.0,-1.000,2.000,0.300,2.2561
2.0,2.0,0.0,-2.000,2.000,0.300,2.8443
2.0,2.0,1.0,-2.000,2.000,0.300,2.8443
2.0,2.0,2.0,-2.000,2.000,0.300,2.8443
2.0,3.0,0.0,-3.000,2.000,0.300,3.6180
2.0,3.0,1.0,-3.000,2.000,0.300,3.6180
2.0,3.0,2.0,-3.000,2.000,0.300,3.6180
3.0,-3.0,0.0,3.000,3.000,0.300,4.2532
3.0,-3.0,1.0,3.000,3.000,0.300,4.2532
3.0,-3.0,2.0,3.000,3.000,0.300,4.2532
3.0,-2.0,0.0,2.000,3.000,0.300,3.6180
3.0,-2.0,1.0,2.000,3.000,0.300,3.6180
3.0,-2.0,2.0,2.000,3.000,0.300,3.6180
3.0,-1.0,0.0,1.000,3.000,0.300,3.1765
3.0,-1.0,1.0,1.000,3.000,0.300,3.1765
3.0,-1.0,2.0,1.000,3.000,0.300,3.1765
3.0,0.0,0.0,-0.000,3.000,0.300,3.0150
3.0,0.0,1.0,-0.000,3.000,0.300,3.0150
3.0,0.0,2.0,-0.000,3.000,0.300,3.0150
3.0,1.0,0.0,-1.000,3.000,0.300,3.1765
3.0,1.0,1.0,-1.000,3.000,0.300,3.1765
3.0,1.0,2.0,-1.000,3.000,0.300,3.1765
3.0,2.0,0.0,-2.000,3.000,0.300,3.6180
3.0,2.0,1.0,-2.000,3.000,0.300,3.6180
3.0,2.0,2.0,-2.000,3.000,0.300,3.6180
3.0,3.0,0.0,-3.000,3.000,0.300,4.2532
3.0,3.0,1.0,-3.000,3.000,0.300,4.2532
3.0,3.0,2.0,-3.000,3.000,0.300,4.2532
