x,y,z,z2,value
0.000000,0.000000,2.000000,1.000000,1.000000
0.250000,0.000000,2.247404,1.087054,1.160350
0.500000,0.000000,2.479426,1.171449,1.307977
0.750000,0.000000,2.681639,1.250607,1.431032
1.000000,0.000000,2.841471,1.322109,1.519362
1.250000,0.000000,2.948985,1.383772,1.565213
1.500000,0.000000,2.997495,1.433712,1.563783
1.750000,0.000000,2.983986,1.470403,1.513583
2.000000,0.000000,2.909297,1.492725,1.416573
2.250000,0.000000,2.778073,1.499996,1.278078
2.500000,0.000000,2.598472,1.491993,1.106479
2.750000,0.000000,2.381661,1.468961,0.912699
3.000000,0.000000,2.141120,1.431605,0.709515
3.250000,0.000000,1.891805,1.381064,0.510741
3.500000,0.000000,1.649217,1.318882,0.330334
3.750000,0.000000,1.428439,1.246960,0.181479
4.000000,0.000000,1.243198,1.167494,0.075703
4.250000,0.000000,1.105011,1.082912,0.022099
4.500000,0.000000,1.022470,0.995796,0.026674
4.750000,0.000000,1.000707,0.908810,0.091898
5.000000,0.000000,1.041076,0.824608,0.216467
5.250000,0.000000,1.141066,0.745765,0.395301
5.500000,0.000000,1.294460,0.674687,0.619772
5.750000,0.000000,1.491721,0.613547,0.878174
6.000000,0.000000,1.720585,0.564212,1.156372
