i,j,k,occupancy
0,4,4,0.150
1,2,3,0.150
1,2,4,0.150
1,2,5,0.150
1,3,2,0.150
1,3,3,0.171
1,3,4,0.209
1,3,5,0.171
1,3,6,0.150
1,4,2,0.150
1,4,3,0.209
1,4,4,0.250
1,4,5,0.209
1,4,6,0.150
1,5,2,0.150
1,5,3,0.171
1,5,4,0.209
1,5,5,0.171
1,5,6,0.150
1,6,3,0.150
1,6,4,0.150
1,6,5,0.150
2,1,3,0.150
2,1,4,0.150
2,1,5,0.150
2,2,2,0.150
2,2,3,0.250
2,2,4,0.293
2,2,5,0.250
2,2,6,0.150
2,3,1,0.150
2,3,2,0.250
2,3,3,0.388
2,3,4,0.441
2,3,5,0.388
2,3,6,0.250
2,3,7,0.150
2,4,1,0.150
2,4,2,0.293
2,4,3,0.441
2,4,4,0.500
2,4,5,0.441
2,4,6,0.293
2,4,7,0.150
2,5,1,0.150
2,5,2,0.250
2,5,3,0.388
2,5,4,0.441
2,5,5,0.388
2,5,6,0.250
2,5,7,0.150
2,6,2,0.150
2,6,3,0.250
2,6,4,0.293
2,6,5,0.250
2,6,6,0.150
2,7,3,0.150
2,7,4,0.150
2,7,5,0.150
3,1,2,0.150
3,1,3,0.171
3,1,4,0.209
3,1,5,0.171
3,1,6,0.150
3,2,1,0.150
3,2,2,0.250
3,2,3,0.388
3,2,4,0.441
3,2,5,0.388
3,2,6,0.250
3,2,7,0.150
3,3,1,0.171
3,3,2,0.388
3,3,3,0.567
3,3,4,0.646
3,3,5,0.567
3,3,6,0.388
3,3,7,0.171
3,4,1,0.209
3,4,2,0.441
3,4,3,0.646
3,4,4,0.750
3,4,5,0.646
3,4,6,0.441
3,4,7,0.209
3,5,1,0.171
3,5,2,0.388
3,5,3,0.567
3,5,4,0.646
3,5,5,0.567
3,5,6,0.388
3,5,7,0.171
3,6,1,0.150
3,6,2,0.250
3,6,3,0.388
3,6,4,0.441
3,6,5,0.388
3,6,6,0.250
3,6,7,0.150
3,7,2,0.150
3,7,3,0.171
3,7,4,0.209
3,7,5,0.171
3,7,6,0.150
4,0,4,0.150
4,1,2,0.150
4,1,3,0.209
4,1,4,0.250
4,1,5,0.209
4,1,6,0.150
4,2,1,0.150
4,2,2,0.293
4,2,3,0.441
4,2,4,0.500
4,2,5,0.441
4,2,6,0.293
4,2,7,0.150
4,3,1,0.209
4,3,2,0.441
4,3,3,0.646
4,3,4,0.750
4,3,5,0.646
4,3,6,0.441
4,3,7,0.209
4,4,0,0.150
4,4,1,0.250
4,4,2,0.500
4,4,3,0.750
4,4,4,1.000
4,4,5,0.750
4,4,6,0.500
4,4,7,0.250
4,4,8,0.150
4,5,1,0.209
4,5,2,0.441
4,5,3,0.646
4,5,4,0.750
4,5,5,0.646
4,5,6,0.441
4,5,7,0.209
4,6,1,0.150
4,6,2,0.293
4,6,3,0.441
4,6,4,0.500
4,6,5,0.441
4,6,6,0.293
4,6,7,0.150
4,7,2,0.150
4,7,3,0.209
4,7,4,0.250
4,7,5,0.209
4,7,6,0.150
4,8,4,0.150
5,1,2,0.150
5,1,3,0.171
5,1,4,0.209
5,1,5,0.171
5,1,6,0.150
5,2,1,0.150
5,2,2,0.250
5,2,3,0.388
5,2,4,0.441
5,2,5,0.388
5,2,6,0.250
5,2,7,0.150
5,3,1,0.171
5,3,2,0.388
5,3,3,0.567
5,3,4,0.646
5,3,5,0.567
5,3,6,0.388
5,3,7,0.171
5,4,1,0.209
5,4,2,0.441
5,4,3,0.646
5,4,4,0.750
5,4,5,0.646
5,4,6,0.441
5,4,7,0.209
5,5,1,0.171
5,5,2,0.388
5,5,3,0.567
5,5,4,0.646
5,5,5,0.567
5,5,6,0.388
5,5,7,0.171
5,6,1,0.150
5,6,2,0.250
5,6,3,0.388
5,6,4,0.441
5,6,5,0.388
5,6,6,0.250
5,6,7,0.150
5,7,2,0.150
5,7,3,0.171
5,7,4,0.209
5,7,5,0.171
5,7,6,0.150
6,1,3,0.150
6,1,4,0.150
6,1,5,0.150
6,2,2,0.150
6,2,3,0.250
6,2,4,0.293
6,2,5,0.250
6,2,6,0.150
6,3,1,0.150
6,3,2,0.250
6,3,3,0.388
6,3,4,0.441
6,3,5,0.388
6,3,6,0.250
6,3,7,0.150
6,4,1,0.150
6,4,2,0.293
6,4,3,0.441
6,4,4,0.500
6,4,5,0.441
6,4,6,0.293
6,4,7,0.150
6,5,1,0.150
6,5,2,0.250
6,5,3,0.388
6,5,4,0.441
6,5,5,0.388
6,5,6,0.250
6,5,7,0.150
6,6,2,0.150
6,6,3,0.250
6,6,4,0.293
6,6,5,0.250
6,6,6,0.150
6,7,3,0.150
6,7,4,0.150
6,7,5,0.150
7,2,3,0.150
7,2,4,0.150
7,2,5,0.150
7,3,2,0.150
7,3,3,0.171
7,3,4,0.209
7,3,5,0.171
7,3,6,0.150
7,4,2,0.150
7,4,3,0.209
7,4,4,0.250
7,4,5,0.209
7,4,6,0.150
7,5,2,0.150
7,5,3,0.171
7,5,4,0.209
7,5,5,0.171
7,5,6,0.150
7,6,3,0.150
7,6,4,0.150
7,6,5,0.150
8,4,4,0.150
