frequency_Hz,amplitude
40000,0.4772
40250,0.4808
40500,0.4845
40750,0.4883
41000,0.4922
41250,0.4963
41500,0.5005
41750,0.5049
42000,0.5094
42250,0.5141
42500,0.5190
42750,0.5241
43000,0.5293
43250,0.5348
43500,0.5405
43750,0.5465
44000,0.5527
44250,0.5592
44500,0.5660
44750,0.5732
45000,0.5806
45250,0.5885
45500,0.5967
45750,0.6054
46000,0.6146
46250,0.6243
46500,0.6346
46750,0.6455
47000,0.6571
47250,0.6694
47500,0.6827
47750,0.6968
48000,0.7120
48250,0.7284
48500,0.7461
48750,0.7653
49000,0.7862
49250,0.8091
49500,0.8342
49750,0.8620
50000,0.8929
50250,0.9274
50500,0.9663
50750,1.0104
51000,1.0611
51250,1.1198
51500,1.1886
51750,1.2706
52000,1.3698
52250,1.4927
52500,1.6486
52750,1.8533
53000,2.1336
53250,2.5404
53500,3.1809
53750,4.3179
54000,6.6896
54250,10.7437
54500,8.0807
54750,4.9295
55000,3.4800
55250,2.7094
55500,2.2400
55750,1.9262
56000,1.7027
56250,1.5358
56500,1.4069
56750,1.3044
57000,1.2213
57250,1.1527
57500,1.0952
57750,1.0466
58000,1.0049
58250,0.9690
58500,0.9378
58750,0.9106
59000,0.8868
59250,0.8658
59500,0.8473
59750,0.8310
60000,0.8166
60250,0.8038
60500,0.7926
60750,0.7827
61000,0.7741
61250,0.7666
61500,0.7601
61750,0.7546
62000,0.7500
62250,0.7462
62500,0.7433
62750,0.7411
63000,0.7396
63250,0.7389
63500,0.7389
63750,0.7396
64000,0.7409
64250,0.7430
64500,0.7457
64750,0.7492
65000,0.7534
65250,0.7583
65500,0.7640
65750,0.7706
66000,0.7780
66250,0.7863
66500,0.7955
66750,0.8059
67000,0.8173
67250,0.8300
67500,0.8440
67750,0.8595
68000,0.8767
68250,0.8957
68500,0.9168
68750,0.9403
69000,0.9664
69250,0.9956
69500,1.0283
69750,1.0653
70000,1.1072
70250,1.1550
70500,1.2100
70750,1.2737
71000,1.3483
71250,1.4369
71500,1.5433
71750,1.6735
72000,1.8362
72250,2.0448
72500,2.3211
72750,2.7032
73000,3.2619
73250,4.1426
73500,5.6644
73750,8.3529
74000,10.2717
74250,7.5786
74500,5.1822
74750,3.8507
75000,3.0628
75250,2.5526
75500,2.1980
75750,1.9382
76000,1.7400
76250,1.5840
76500,1.4580
76750,1.3542
77000,1.2673
77250,1.1933
77500,1.1298
77750,1.0745
78000,1.0260
78250,0.9831
78500,0.9449
78750,0.9107
79000,0.8799
79250,0.8520
79500,0.8266
79750,0.8034
80000,0.7821
80250,0.7625
80500,0.7445
80750,0.7277
81000,0.7122
81250,0.6978
81500,0.6844
81750,0.6718
82000,0.6600
82250,0.6490
82500,0.6386
82750,0.6289
83000,0.6197
83250,0.6111
83500,0.6029
83750,0.5952
84000,0.5878
84250,0.5809
84500,0.5743
84750,0.5681
85000,0.5622
85250,0.5565
85500,0.5512
85750,0.5461
86000,0.5413
86250,0.5366
86500,0.5322
86750,0.5280
87000,0.5240
87250,0.5202
87500,0.5166
87750,0.5131
88000,0.5098
88250,0.5066
88500,0.5036
88750,0.5008
89000,0.4980
89250,0.4954
89500,0.4929
89750,0.4905
90000,0.4883
90250,0.4861
90500,0.4841
90750,0.4821
91000,0.4802
91250,0.4785
91500,0.4768
91750,0.4752
92000,0.4737
92250,0.4723
92500,0.4710
92750,0.4697
93000,0.4685
93250,0.4674
93500,0.4664
93750,0.4654
94000,0.4645
94250,0.4637
94500,0.4629
94750,0.4622
95000,0.4616
95250,0.4610
95500,0.4605
95750,0.4600
96000,0.4596
96250,0.4593
96500,0.4590
96750,0.4587
97000,0.4586
97250,0.4584
97500,0.4584
97750,0.4584
98000,0.4584
98250,0.4585
98500,0.4586
98750,0.4588
99000,0.4590
99250,0.4593
99500,0.4597
99750,0.4601
100000,0.4605
100250,0.4610
100500,0.4616
100750,0.4622
101000,0.4628
101250,0.4635
101500,0.4642
101750,0.4650
102000,0.4659
102250,0.4668
102500,0.4677
102750,0.4687
103000,0.4698
103250,0.4709
103500,0.4721
103750,0.4733
104000,0.4745
104250,0.4759
104500,0.4772
104750,0.4787
105000,0.4802
105250,0.4817
105500,0.4833
105750,0.4850
106000,0.4867
106250,0.4885
106500,0.4903
106750,0.4923
107000,0.4942
107250,0.4963
107500,0.4984
107750,0.5006
108000,0.5028
108250,0.5052
108500,0.5076
108750,0.5100
109000,0.5126
109250,0.5152
109500,0.5179
109750,0.5207
110000,0.5236
110250,0.5266
110500,0.5297
110750,0.5328
111000,0.5361
111250,0.5394
111500,0.5429
111750,0.5465
112000,0.5502
112250,0.5540
112500,0.5579
112750,0.5619
113000,0.5661
113250,0.5704
113500,0.5748
113750,0.5794
114000,0.5842
114250,0.5891
114500,0.5941
114750,0.5993
115000,0.6047
115250,0.6103
115500,0.6161
115750,0.6221
116000,0.6283
116250,0.6348
116500,0.6415
116750,0.6484
117000,0.6556
117250,0.6631
117500,0.6709
117750,0.6789
118000,0.6874
118250,0.6962
118500,0.7053
118750,0.7149
119000,0.7249
119250,0.7354
119500,0.7464
119750,0.7579
120000,0.7700
120250,0.7827
120500,0.7961
120750,0.8102
121000,0.8252
121250,0.8410
121500,0.8578
121750,0.8756
122000,0.8946
122250,0.9150
122500,0.9367
122750,0.9601
123000,0.9854
123250,1.0126
123500,1.0423
123750,1.0746
124000,1.1100
124250,1.1490
124500,1.1922
124750,1.2403
125000,1.2944
125250,1.3557
125500,1.4256
125750,1.5064
126000,1.6009
126250,1.7130
126500,1.8481
126750,2.0141
127000,2.2231
127250,2.4932
127500,2.8534
127750,3.3497
128000,4.0487
128250,4.9976
128500,5.9695
128750,6.1265
129000,5.2754
129250,4.2879
129500,3.5398
129750,3.0137
130000,2.6395
130250,2.3656
130500,2.1594
130750,2.0002
131000,1.8750
131250,1.7748
131500,1.6937
131750,1.6276
132000,1.5734
132250,1.5288
132500,1.4923
132750,1.4626
133000,1.4386
133250,1.4196
133500,1.4052
133750,1.3947
134000,1.3879
134250,1.3845
134500,1.3843
134750,1.3871
135000,1.3928
135250,1.4015
135500,1.4130
135750,1.4274
136000,1.4448
136250,1.4653
136500,1.4891
136750,1.5162
137000,1.5471
137250,1.5819
137500,1.6210
137750,1.6650
138000,1.7143
138250,1.7695
138500,1.8316
138750,1.9014
139000,1.9801
139250,2.0693
139500,2.1707
139750,2.2867
140000,2.4204
140250,2.5755
140500,2.7573
140750,2.9726
141000,3.2308
141250,3.5451
141500,3.9347
141750,4.4273
142000,5.0653
142250,5.9126
142500,7.0631
142750,8.6274
143000,10.5926
143250,12.3273
143500,12.4453
143750,10.8187
144000,8.8129
144250,7.1776
144500,5.9689
144750,5.0788
145000,4.4092
145250,3.8922
145500,3.4830
145750,3.1521
146000,2.8795
146250,2.6512
146500,2.4574
146750,2.2909
147000,2.1463
147250,2.0196
147500,1.9077
147750,1.8080
148000,1.7187
148250,1.6383
148500,1.5655
148750,1.4991
149000,1.4385
149250,1.3829
149500,1.3316
149750,1.2843
150000,1.2403
150250,1.1995
150500,1.1614
150750,1.1258
151000,1.0925
151250,1.0612
151500,1.0318
151750,1.0040
152000,0.9778
152250,0.9530
152500,0.9295
152750,0.9072
153000,0.8860
153250,0.8659
153500,0.8466
153750,0.8283
154000,0.8108
154250,0.7941
154500,0.7781
154750,0.7627
155000,0.7480
155250,0.7339
155500,0.7203
155750,0.7073
156000,0.6947
156250,0.6827
156500,0.6710
156750,0.6598
157000,0.6489
157250,0.6384
157500,0.6283
157750,0.6185
158000,0.6090
158250,0.5999
158500,0.5910
158750,0.5823
159000,0.5740
159250,0.5659
159500,0.5580
159750,0.5504
160000,0.5429
