current path,proposed folder
include/AboutDialog.h,App
include/AdaptiveShadowMapper.h,Render
include/AddAnnotationCommand.h,Measurement
include/AddMeasurementCommand.h,Measurement
include/AnalysisColorRamp.h,Analysis
include/AnalysisComputeSession.h,Analysis
include/AnalysisComputeWorker.h,Analysis
include/AnalysisMeshSnapshot.h,Analysis
include/AnimationRuntimeController.h,Scene
include/AnimationUtils.h,Scene
include/AnimationsPanel.h,Scene
include/AnnotationController.h,Measurement
include/AnnotationData.h,Measurement
include/AnnotationDialog.h,Measurement
include/AnnotationOffsetCommand.h,Measurement
include/AnnotationTextCommand.h,Measurement
include/AnnotationVisibilityCommand.h,Measurement
include/ApplyMaterialCommand.h,Materials
include/AssImpMeshBuilder.h,Import
include/AssImpMeshExporter.h,Import
include/AssImpModelLoader.h,Import
include/AssemblyRelationGraph.h,Scene
include/BRepToAssimpConverter.h,Import
include/BackgroundColor.h,Render
include/BatchRenderViewsDialog.h,Viewport
include/BoundingBox.h,Core
include/BoundingSphere.h,Core
include/CalculixFrdReader.h,Simulation/Readers
include/Camera.h,Render
include/CamerasPanel.h,Scene
include/CaptureCameraCommand.h,Scene
include/CaptureVariantCommand.h,Materials
include/CapturedStepsTreeWidget.h,Scene
include/CgnsReader.h,Simulation/Readers
include/ChannelPackingEditorDialog.h,Materials
include/ClippingPlanesEditor.h,Viewport
include/ComparePaneLayout.h,Simulation/Core
include/Cone.h,Geometry
include/ConeRenderable.h,Geometry
include/ConsolePanel.h,App
include/CoordinateSystemHelper.h,Core
include/CpuPathTracer.h,RayTracing
include/Cube.h,Geometry
include/CubeRenderable.h,Geometry
include/CurvatureAnalyzer.h,Analysis
include/CutCommand.h,Commands
include/DeformableGeometry.h,Geometry
include/DeleteAnnotationCommand.h,Measurement
include/DeleteMeasurementCommand.h,Measurement
include/DeleteMeshCommand.h,Commands
include/DeleteSceneStateCommand.h,Scene
include/DeleteSelectionSetCommand.h,Scene
include/DeviationAnalyzer.h,Analysis
include/DialogLayoutHelpers.h,App
include/DraftAngleAnalyzer.h,Analysis
include/Drawable.h,Render
include/DuplicateCommand.h,Commands
include/ExodusReader.h,Simulation/Readers
include/ExplodedViewManager.h,Scene
include/ExplodedViewPanel.h,Scene
include/ExplodedViewRuntimeController.h,Scene
include/FaceFallbackTriangulator.h,Import
include/FillHolesController.h,MeshTools
include/FillHolesDialog.h,MeshTools
include/FilterByBoundingBoxDialog.h,MeshTools
include/FilterByColorDialog.h,MeshTools
include/FilterByMaterialDialog.h,MeshTools
include/FloatingPanelDialog.h,App
include/FloorPlane.h,Geometry
include/FlyOutViewButton.h,Viewport
include/GltfAnimationData.h,Scene
include/GltfCameraData.h,Scene
include/GltfLightData.h,Scene
include/GltfPostProcessor.h,Import
include/GltfVariantData.h,Scene
include/GpuResourceRegistry.h,Render
include/GridMesh.h,Geometry
include/GroupMeshesCommand.h,Scene
include/Hdf5Util.h,Simulation/Readers
include/HdrImageLoader.h,Materials
include/IDrawable.h,Render
include/IGpuContextResource.h,Render
include/IParametricSurface.h,Geometry
include/IXCAFDocProcessor.hxx,Import
include/IconCursor.h,Viewport
include/ImportUnitsDialog.h,Import
include/IsoCornerIcons.h,Viewport
include/KTX2Loader.h,Materials
include/LambdaGpuResource.h,Render
include/LanguageManager.h,App
include/LassoOverlayWidget.h,Viewport
include/LengthUnits.h,Scene
include/LightOrigin.h,Scene
include/LogHighlighter.h,App
include/LogViewer.h,App
include/Logger.h,Core
include/MainWindow.h,App
include/MassPropertiesDialog.h,Analysis
include/Material.h,Materials
include/MaterialGrouping.h,Materials
include/MaterialLibraryWidget.h,Materials
include/MaterialPreviewWidget.h,Materials
include/MaterialProcessor.h,Materials
include/MaterialPropertiesPanel.h,Materials
include/MaterialRegistry.h,Materials
include/MaterialScanner.h,Materials
include/MaterialTextureLibrary.h,Materials
include/MaterialVariantsPanel.h,Materials
include/MaterialVizState.h,Materials
include/MeasurementController.h,Measurement
include/MeasurementData.h,Measurement
include/MeasurementDialog.h,Measurement
include/MeasurementGeometry.h,Measurement
include/MeasurementOffsetCommand.h,Measurement
include/MeasurementOffsetVectorCommand.h,Measurement
include/MeasurementVisibilityCommand.h,Measurement
include/MedReader.h,Simulation/Readers
include/MergeByAdjacencyCommand.h,MeshTools
include/MeshAnalyzer.h,Analysis
include/MeshAnimationState.h,Scene
include/MeshChartSegmenter.h,MeshTools
include/MeshColorUtils.h,Analysis
include/MeshEdgeCircleAnchor.h,Viewport
include/MeshGeometry.h,Geometry
include/MeshImportAdaptor.h,Geometry
include/MeshInstanceState.h,Scene
include/MeshMathUtils.h,Core
include/MeshProperties.h,Analysis
include/MeshRepair.h,MeshTools
include/MeshSelectionBox.h,MeshTools
include/MeshSelectionEditor.h,MeshTools
include/MeshSurfaceAnchor.h,Viewport
include/MeshVertex.h,Geometry
include/MeshVizAdaptor.h,Geometry
include/MetadataDeleteCommand.h,Commands
include/ModelViewer.h,App
include/ModelViewerApplication.h,App
include/ModelViewerCommand.h,Commands
include/MvfDocument.h,Mvf
include/MvfFormat.h,Mvf
include/MvfMeshPreparationWorker.h,Mvf
include/MvfSceneBuilder.h,Mvf
include/NotesListBox.h,Scene
include/ObjectTransformPanel.h,Scene
include/OcctDeprecatedAliases.h,Import
include/OpenFoamReader.h,Simulation/Readers
include/ParametricSurface.h,Geometry
include/PasteCommand.h,Commands
include/PathUtils.h,Core
include/PickingHelper.h,Viewport
include/Plane.h,Geometry
include/PlaneGizmo.h,Viewport
include/PlaneGizmoDragCommand.h,Viewport
include/PlaneRenderable.h,Geometry
include/Point.h,Core
include/PunctualLights.h,Scene
include/PurgeRedundantNodesCommand.h,Scene
include/QuickHelpDialog.h,App
include/ReconstructSurfaceDialog.h,MeshTools
include/RenameMeshCommand.h,Commands
include/RenderEnums.h,Render
include/RenderableMesh.h,Render
include/RenderableMeshGpuResourceAdapter.h,Render
include/RepairMeshDialog.h,MeshTools
include/ReportExportDialog.h,MeshTools
include/Resource.h,Core
include/ResultBoundary.h,Simulation/Core
include/ResultDataset.h,Simulation/Core
include/ResultDerivedFields.h,Simulation/Core
include/ResultReader.h,Simulation/Readers
include/ResultSlice.h,Simulation/Core
include/ResultSnapshot.h,Simulation/Core
include/ResultUnits.h,Simulation/Core
include/RtDenoiser.h,RayTracing
include/RtEmbreeScene.h,RayTracing
include/RtEnvironmentSampler.h,RayTracing
include/RtFrameAccumulator.h,RayTracing
include/RtImageExport.h,RayTracing
include/RtInteractionController.h,RayTracing
include/RtInteractiveRenderer.h,RayTracing
include/RtOptixContext.h,RayTracing
include/RtOptixEmbeddedPtx.h,RayTracing
include/RtOptixMorphParams.h,RayTracing
include/RtOptixRayTracingSession.h,RayTracing
include/RtOptixSceneParams.h,RayTracing
include/RtOptixSceneTracer.h,RayTracing
include/RtOptixSkinningParams.h,RayTracing
include/RtPresenter.h,RayTracing
include/RtRay.h,RayTracing
include/RtRayTracingSession.h,RayTracing
include/RtRenderDialog.h,RayTracing
include/RtSceneBuilder.h,RayTracing
include/RtSceneSnapshot.h,RayTracing
include/RtTonemap.h,RayTracing
include/SaveSceneStateCommand.h,Scene
include/SaveSelectionSetCommand.h,Scene
include/SceneClipboard.h,Scene
include/SceneGraph.h,Scene
include/SceneGraphExporter.h,Scene
include/SceneMesh.h,Scene
include/SceneMeshRecord.h,Scene
include/SceneNode.h,Scene
include/SceneRenderController.h,Render
include/SceneRuntime.h,Scene
include/SceneStateData.h,Scene
include/SceneStatesPanel.h,Scene
include/SceneTreeWidget.h,Scene
include/SceneUtils.h,Scene
include/SeamEdgeMark.h,MeshTools
include/SeamMarkingController.h,MeshTools
include/SelectionCommand.h,Commands
include/SelectionManager.h,Viewport
include/SelectionSetData.h,Scene
include/SelectionSetsPanel.h,Scene
include/SelfIntersectionContact.h,Analysis
include/SetDefaultVariantCommand.h,Materials
include/SetMeshUVsCommand.h,MeshTools
include/SettingsDialog.h,App
include/ShaderProgram.h,Render
include/ShrinkWrapCommand.h,MeshTools
include/ShrinkWrapDialog.h,MeshTools
include/SimulationGlyphController.h,Simulation/UI
include/SimulationGlyphs.h,Simulation/Core
include/SimulationLegendWidget.h,Simulation/UI
include/SimulationPanel.h,Simulation/UI
include/SimulationResultDisplay.h,Simulation/Core
include/SimulationSliceController.h,Simulation/UI
include/SimulationTimelineWidget.h,Simulation/UI
include/Sphere.h,Geometry
include/SphereRenderable.h,Geometry
include/SplitByConnectivityCommand.h,MeshTools
include/StartupSplash.h,App
include/SubTriangleGrid.h,MeshTools
include/SubdivisionDialog.h,MeshTools
include/SurfaceAnalysisDialog.h,Analysis
include/SurfaceAnalysisOverlay.h,Analysis
include/TabbedViewportToolbar.h,Viewport
include/TangentGenerator.h,MeshTools
include/TeapotData.h,Geometry
include/TextRenderer.h,Render
include/TextShrink.h,Core
include/TextureDebugPanel.h,Materials
include/TextureLocationManager.h,Materials
include/TexturePackingUtils.h,Materials
include/TextureParametersDialog.h,Materials
include/TextureUtil.h,Materials
include/ThemeManager.h,App
include/ToolsToolbar.h,Viewport
include/TransformCommand.h,Commands
include/TransformGizmo.h,Viewport
include/Triangle.h,Geometry
include/TriangleBaldwinWeber.h,RayTracing
include/TriangleMollerTrumbore.h,RayTracing
include/TutorialDialog.h,App
include/UVGenerationDialog.h,MeshTools
include/UVGenerator.h,MeshTools
include/UVPromptDialog.h,MeshTools
include/UnionFind.h,Core
include/Utils.h,Core
include/ViewCubeMesh.h,Viewport
include/ViewToolbar.h,Viewport
include/ViewportInteractionController.h,Viewport
include/ViewportWidget.h,Viewport
include/VisibilityCommand.h,Commands
include/VisibilityComputationHelper.h,Render
include/VisualizationEnvironmentPanel.h,Viewport
include/VtkDataTypes.h,Simulation/Readers
include/VtkHdfReader.h,Simulation/Readers
include/VtkLegacyReader.h,Simulation/Readers
include/VtkXmlReader.h,Simulation/Readers
include/WallThicknessAnalyzer.h,Analysis
include/XCAFBREPProcessor.hxx,Import
include/XCAFDocProcessor.hxx,Import
include/XCAFDocProcessorFactory.hxx,Import
include/XCAFIGESProcessor.hxx,Import
include/XCAFReadProgressIndicator.hxx,Import
include/XCAFSTEPProcessor.hxx,Import
include/XCAFVRMLProcessor.hxx,Import
include/mikktspace.h,ThirdParty
include/stb_image.h,ThirdParty
include/xatlas.h,ThirdParty
src/AboutDialog.cpp,App
src/AdaptiveShadowMapper.cpp,Render
src/AddAnnotationCommand.cpp,Measurement
src/AddMeasurementCommand.cpp,Measurement
src/AnalysisColorRamp.cpp,Analysis
src/AnalysisComputeSession.cpp,Analysis
src/AnalysisComputeWorker.cpp,Analysis
src/AnalysisMeshSnapshot.cpp,Analysis
src/AnimationRuntimeController.cpp,Scene
src/AnimationUtils.cpp,Scene
src/AnimationsPanel.cpp,Scene
src/AnnotationController.cpp,Measurement
src/AnnotationDialog.cpp,Measurement
src/AnnotationOffsetCommand.cpp,Measurement
src/AnnotationTextCommand.cpp,Measurement
src/AnnotationVisibilityCommand.cpp,Measurement
src/ApplyMaterialCommand.cpp,Materials
src/AssImpMeshBuilder.cpp,Import
src/AssImpMeshExporter.cpp,Import
src/AssImpModelLoader.cpp,Import
src/AssemblyRelationGraph.cpp,Scene
src/BRepToAssimpConverter.cpp,Import
src/BackgroundColor.cpp,Render
src/BatchRenderViewsDialog.cpp,Viewport
src/BoundingBox.cpp,Core
src/BoundingSphere.cpp,Core
src/CalculixFrdReader.cpp,Simulation/Readers
src/Camera.cpp,Render
src/CamerasPanel.cpp,Scene
src/CaptureCameraCommand.cpp,Scene
src/CaptureVariantCommand.cpp,Materials
src/CapturedStepsTreeWidget.cpp,Scene
src/CgnsReader.cpp,Simulation/Readers
src/ChannelPackingEditorDialog.cpp,Materials
src/ClippingPlanesEditor.cpp,Viewport
src/ComparePaneLayout.cpp,Simulation/Core
src/Cone.cpp,Geometry
src/ConeRenderable.cpp,Geometry
src/ConsolePanel.cpp,App
src/CoordinateSystemHelper.cpp,Core
src/CpuPathTracer.cpp,RayTracing
src/Cube.cpp,Geometry
src/CubeRenderable.cpp,Geometry
src/CurvatureAnalyzer.cpp,Analysis
src/CutCommand.cpp,Commands
src/DeleteAnnotationCommand.cpp,Measurement
src/DeleteMeasurementCommand.cpp,Measurement
src/DeleteMeshCommand.cpp,Commands
src/DeleteSceneStateCommand.cpp,Scene
src/DeleteSelectionSetCommand.cpp,Scene
src/DeviationAnalyzer.cpp,Analysis
src/DialogLayoutHelpers.cpp,App
src/DraftAngleAnalyzer.cpp,Analysis
src/Drawable.cpp,Render
src/DuplicateCommand.cpp,Commands
src/ExodusReader.cpp,Simulation/Readers
src/ExplodedViewManager.cpp,Scene
src/ExplodedViewPanel.cpp,Scene
src/ExplodedViewRuntimeController.cpp,Scene
src/FaceFallbackTriangulator.cpp,Import
src/FillHolesController.cpp,MeshTools
src/FillHolesDialog.cpp,MeshTools
src/FilterByBoundingBoxDialog.cpp,MeshTools
src/FilterByColorDialog.cpp,MeshTools
src/FilterByMaterialDialog.cpp,MeshTools
src/FloatingPanelDialog.cpp,App
src/FloorPlane.cpp,Geometry
src/GltfPostProcessor.cpp,Import
src/GpuResourceRegistry.cpp,Render
src/GridMesh.cpp,Geometry
src/GroupMeshesCommand.cpp,Scene
src/HdrImageLoader.cpp,Materials
src/ImportUnitsDialog.cpp,Import
src/KTX2Loader.cpp,Materials
src/LanguageManager.cpp,App
src/LassoOverlayWidget.cpp,Viewport
src/LengthUnits.cpp,Scene
src/LogHighlighter.cpp,App
src/LogViewer.cpp,App
src/Logger.cpp,Core
src/MainWindow.cpp,App
src/MainWindowViewMenus.cpp,App
src/MassPropertiesDialog.cpp,Analysis
src/Material.cpp,Materials
src/MaterialGrouping.cpp,Materials
src/MaterialLibraryWidget.cpp,Materials
src/MaterialPreviewWidget.cpp,Materials
src/MaterialProcessor.cpp,Materials
src/MaterialPropertiesPanel.cpp,Materials
src/MaterialRegistry.cpp,Materials
src/MaterialScanner.cpp,Materials
src/MaterialTextureLibrary.cpp,Materials
src/MaterialVariantsPanel.cpp,Materials
src/MaterialVizState.cpp,Materials
src/MeasurementController.cpp,Measurement
src/MeasurementDialog.cpp,Measurement
src/MeasurementGeometry.cpp,Measurement
src/MeasurementOffsetCommand.cpp,Measurement
src/MeasurementOffsetVectorCommand.cpp,Measurement
src/MeasurementVisibilityCommand.cpp,Measurement
src/MedReader.cpp,Simulation/Readers
src/MergeByAdjacencyCommand.cpp,MeshTools
src/MeshAnalyzer.cpp,Analysis
src/MeshChartSegmenter.cpp,MeshTools
src/MeshColorUtils.cpp,Analysis
src/MeshInstanceState.cpp,Scene
src/MeshProperties.cpp,Analysis
src/MeshRepair.cpp,MeshTools
src/MeshSelectionBox.cpp,MeshTools
src/MeshSelectionEditor.cpp,MeshTools
src/MetadataDeleteCommand.cpp,Commands
src/ModelViewer.cpp,App
src/ModelViewerApplication.cpp,App
src/ModelViewerCommand.cpp,Commands
src/ModelViewerMeshTools.cpp,MeshTools
src/ModelViewerSimulation.cpp,Simulation/UI
src/MvfDocument.cpp,Mvf
src/MvfFormat.cpp,Mvf
src/MvfMeshPreparationWorker.cpp,Mvf
src/MvfSceneBuilder.cpp,Mvf
src/NotesListBox.cpp,Scene
src/ObjectTransformPanel.cpp,Scene
src/OpenFoamReader.cpp,Simulation/Readers
src/ParametricSurface.cpp,Geometry
src/PasteCommand.cpp,Commands
src/PickingHelper.cpp,Viewport
src/Plane.cpp,Geometry
src/PlaneGizmo.cpp,Viewport
src/PlaneGizmoDragCommand.cpp,Viewport
src/PlaneRenderable.cpp,Geometry
src/Point.cpp,Core
src/PunctualLights.cpp,Scene
src/PurgeRedundantNodesCommand.cpp,Scene
src/QuickHelpDialog.cpp,App
src/ReconstructSurfaceDialog.cpp,MeshTools
src/RenameMeshCommand.cpp,Commands
src/RenderableMesh.cpp,Render
src/RenderableMeshGpuResourceAdapter.cpp,Render
src/RepairMeshDialog.cpp,MeshTools
src/ReportExportDialog.cpp,MeshTools
src/ResultBoundary.cpp,Simulation/Core
src/ResultDataset.cpp,Simulation/Core
src/ResultDerivedFields.cpp,Simulation/Core
src/ResultReader.cpp,Simulation/Readers
src/ResultSlice.cpp,Simulation/Core
src/ResultSnapshot.cpp,Simulation/Core
src/ResultUnits.cpp,Simulation/Core
src/RtDenoiser.cpp,RayTracing
src/RtEmbreeScene.cpp,RayTracing
src/RtEnvironmentSampler.cpp,RayTracing
src/RtFrameAccumulator.cpp,RayTracing
src/RtImageExport.cpp,RayTracing
src/RtInteractionController.cpp,RayTracing
src/RtInteractiveRenderer.cpp,RayTracing
src/RtOptixContext.cpp,RayTracing
src/RtOptixRayTracingSession.cpp,RayTracing
src/RtOptixSceneTracer.cpp,RayTracing
src/RtPresenter.cpp,RayTracing
src/RtRayTracingSession.cpp,RayTracing
src/RtRenderDialog.cpp,RayTracing
src/RtSceneBuilder.cpp,RayTracing
src/SaveSceneStateCommand.cpp,Scene
src/SaveSelectionSetCommand.cpp,Scene
src/SceneGraph.cpp,Scene
src/SceneGraphExporter.cpp,Scene
src/SceneMesh.cpp,Scene
src/SceneRenderController.cpp,Render
src/SceneRuntime.cpp,Scene
src/SceneStatesPanel.cpp,Scene
src/SceneTreeWidget.cpp,Scene
src/SceneUtils.cpp,Scene
src/SeamMarkingController.cpp,MeshTools
src/SelectionCommand.cpp,Commands
src/SelectionManager.cpp,Viewport
src/SelectionSetsPanel.cpp,Scene
src/SetDefaultVariantCommand.cpp,Materials
src/SetMeshUVsCommand.cpp,MeshTools
src/SettingsDialog.cpp,App
src/ShaderProgram.cpp,Render
src/ShrinkWrapCommand.cpp,MeshTools
src/ShrinkWrapDialog.cpp,MeshTools
src/SimulationGlyphController.cpp,Simulation/UI
src/SimulationGlyphs.cpp,Simulation/Core
src/SimulationLegendWidget.cpp,Simulation/UI
src/SimulationPanel.cpp,Simulation/UI
src/SimulationResultDisplay.cpp,Simulation/Core
src/SimulationSliceController.cpp,Simulation/UI
src/SimulationTimelineWidget.cpp,Simulation/UI
src/Sphere.cpp,Geometry
src/SphereRenderable.cpp,Geometry
src/SplitByConnectivityCommand.cpp,MeshTools
src/StartupSplash.cpp,App
src/SubdivisionDialog.cpp,MeshTools
src/SurfaceAnalysisDialog.cpp,Analysis
src/SurfaceAnalysisOverlay.cpp,Analysis
src/TabbedViewportToolbar.cpp,Viewport
src/TangentGenerator.cpp,MeshTools
src/TextRenderer.cpp,Render
src/TextureDebugPanel.cpp,Materials
src/TextureLocationManager.cpp,Materials
src/TexturePackingUtils.cpp,Materials
src/TextureParametersDialog.cpp,Materials
src/ThemeManager.cpp,App
src/ToolsToolbar.cpp,Viewport
src/TransformCommand.cpp,Commands
src/TransformGizmo.cpp,Viewport
src/Triangle.cpp,Geometry
src/TriangleBaldwinWeber.cpp,RayTracing
src/TriangleMollerTrumbore.cpp,RayTracing
src/TutorialDialog.cpp,App
src/UVGenerationDialog.cpp,MeshTools
src/UVGenerator.cpp,MeshTools
src/UVPromptDialog.cpp,MeshTools
src/ViewCubeMesh.cpp,Viewport
src/ViewToolbar.cpp,Viewport
src/ViewportInteractionController.cpp,Viewport
src/ViewportViewCommands.cpp,Viewport
src/ViewportWidget.cpp,Viewport
src/VisibilityCommand.cpp,Commands
src/VisibilityComputationHelper.cpp,Render
src/VisualizationEnvironmentPanel.cpp,Viewport
src/VtkHdfReader.cpp,Simulation/Readers
src/VtkLegacyReader.cpp,Simulation/Readers
src/VtkXmlReader.cpp,Simulation/Readers
src/WallThicknessAnalyzer.cpp,Analysis
src/XCAFBREPProcessor.cxx,Import
src/XCAFDocProcessor.cxx,Import
src/XCAFDocProcessorFactory.cxx,Import
src/XCAFIGESProcessor.cxx,Import
src/XCAFReadProgressIndicator.cxx,Import
src/XCAFSTEPProcessor.cxx,Import
src/XCAFVRMLProcessor.cxx,Import
src/cuda/RtOptixMorph.cu,RayTracing/cuda
src/cuda/RtOptixScene.cu,RayTracing/cuda
src/cuda/RtOptixSkinning.cu,RayTracing/cuda
src/main.cpp,App
src/mikktspace.c,ThirdParty
src/stb_image.cpp,ThirdParty
src/xatlas.cpp,ThirdParty
